cin,company_name,entity_type,director_name,full_address,pincode,state_name,city,pan,industry,incorporation_date,last_annual_return,current_status
U24505KA2011PTC469458,Patil Engineers,Public Ltd,Ajay Patil,"No. 71, 5th Layout, HSR Layout, Bengaluru - 560048",560048,KARNATAKA,Bengaluru Urban,BXOTK2486E,manufacturing,20-12-2011,28/10/2025,Active
U49178KA2007PTC466942,Murthy Constructions,Llp,Nagaraj Murthy,"No. 166, 4th Road, Mahadevapura, Bengaluru - 560001",560001,KARNATAKA,Bengaluru Urban,EASTI9751U,services,29/05/2007,14/09/2026,Active
U29749KA4-05PTC835571,Kumar Engineers,Llp,Kiran Kumar,"No. 4, 1st Street, HSR Layout, Bengaluru - 560076",560076,KARNATAKA,Bengaluru Urban,ZYTTG7363Q,services,2018-04-05,06/11/2026,Active
U32389KA2009PTC741346,Deshmukh Technologies,Llp,Vinod Deshmukh,"No. 237, 2nd Avenue, Marathahalli, Bengaluru - 560022",560022,KARNATAKA,Bengaluru Urban,,construction,03/08/2009,03/12/2020,Dissolved
U50376KA3-06PTC746701,Patel Constructions,Pvt Ltd,Varun Patel,"No. 68, 3rd Road, Marathahalli, Bengaluru - 560066",560066,KARNATAKA,Bengaluru Urban,YFSCI3623Y,services,2005-03-06,09/06/2023,Dormant under section 455
U88950KA2001PTC386081,Gupta Trading Co.,Pvt Ltd,Rajesh Gupta,"No. 67, 3rd Main Road, Brookefield, Bengaluru - 560045",560045,KARNATAKA,Bengaluru Rural,,trading,15/10/2001,13-09-2025,Active
U27891KA2022PTC707473,Shah & Co.,Pvt Ltd,Mohan Shah,"No. 404, 1st Layout, Electronic City, Bengaluru - 560038",,KARNATAKA,Bengaluru Urban,CUWHT7921Z,trading,07/11/2022,03/07/2024,Dormant under section 455
U64002KA9-16PTC543601,Prasad Manufacturing,Pvt Ltd,Mahesh Prasad,"No. 1, 5th Avenue, Banashankari, Bengaluru - 560098",560098,KARNATAKA,Bengaluru Urban,,construction,2005-09-16,24-01-2026,Active
U61951KA2008PTC607962,Nair Mills,Llp,,"No. 338, 1st Cross, Electronic City, Bengaluru - 560102",,KARNATAKA,Bengaluru Rural,TEOHR8327T,construction,20-09-2008,21/05/2024,Dormant under section 455
U99091KA2012PTC622222,Kamath Mills,Partnership,Neha Kamath,"No. 314, 5th Layout, Yelahanka, Bengaluru - 560103",560103,KARNATAKA,Bengaluru Rural,GRAPY4195B,trading,09/03/2012,2026-07-08,Active
U46149KA3-20PTC178924,Pandey Works,Public Ltd,Rajesh Pandey,"No. 386, 4th Avenue, Rajajinagar, Bengaluru - 560047",560047,KARNATAKA,Bengaluru Rural,DGSTG0454G,construction,2001-03-20,19/05/2025,Active
U24751KA2-19PTC530915,Gowda Brothers,Public Ltd,Kiran Gowda,"No. 400, 1st Avenue, Koramangala, Bengaluru - 560092",560092,KARNATAKA,Bengaluru Urban,EGIHK3829N,technology,2005-02-19,09-08-2020,Dissolved
U37034KA2021PTC518033,Reddy Brothers,Public Ltd,Raghav Reddy,"No. 190, 1st Extension, Bellandur, Bengaluru - 560055",560055,KARNATAKA,Bengaluru Rural,AIRHM9158H,technology,08/09/2021,30/08/2026,Active
U86582KA2013PTC659629,Verma Manufacturing,Partnership,,"No. 360, 3rd Extension, Mahadevapura, Bengaluru - 560038",560038,KARNATAKA,Bengaluru Urban,,construction,25-09-2013,30-04-2026,Active
U93887KA2-27PTC639775,Pillai Technologies,Pvt Ltd,Rohan Pillai,"No. 31, 2nd Avenue, Koramangala, Bengaluru - 560017",560017,KARNATAKA,Bengaluru Rural,AHHHC6976V,technology,2001-02-27,22-11-2026,Active
U31499KA7-15PTC517827,Kulkarni Associates,Llp,,"No. 440, 2nd Cross, Indiranagar, Bengaluru - 560094",560094,KARNATAKA,Bengaluru Rural,PATFS0746I,technology,2018-07-15,06-01-2026,Active
U18022KA3-16PTC118956,Murthy Exports,Partnership,Rajesh Murthy,"No. 48, 2nd Avenue, Banashankari, Bengaluru - 560071",560071,KARNATAKA,Bengaluru Urban,TQTCI5946D,technology,2017-03-16,06-11-2022,Under Liquidation
U23680KA2017PTC907584,Iyer Agency,Partnership,Sohan Iyer,"No. 461, 4th Cross, MG Road, Bengaluru - 560094",560094,KARNATAKA,Bengaluru Urban,JDNAV7108T,manufacturing,08-02-2017,30-10-2025,Active
U15393KA3-23PTC445904,Prasad Traders,Public Ltd,Sohan Prasad,"No. 370, 2nd Street, Brookefield, Bengaluru - 560095",560095,KARNATAKA,Bengaluru Urban,HZRFA5670T,technology,2012-03-23,09/05/2026,Active
U72092KA4-25PTC374634,Tiwari Enterprises,Pvt Ltd,Sohan Tiwari,"No. 233, 3rd Street, Indiranagar, Bengaluru - 560070",560070,KARNATAKA,Bengaluru Rural,,construction,2018-04-25,08/02/2025,Active
U11909KA2-15PTC256633,Kulkarni Manufacturing,Partnership,Mahesh Kulkarni,"No. 112, 4th Layout, Basavanagudi, Bengaluru - 560097",560097,KARNATAKA,Bengaluru Urban,ZDGAE3396R,manufacturing,2000-12-15,,Dormant under section 455
U37899KA2001PTC148155,Iyer Pvt Ltd,Partnership,Divya Iyer,"No. 68, 1st Cross, MG Road, Bengaluru - 560094",560094,KARNATAKA,Bengaluru Urban,UFVAG5827Z,technology,11-12-2001,05-11-2024,Dormant under section 455
U88176KA2019PTC473178,Mehta & Sons,Pvt Ltd,Nagaraj Mehta,"No. 259, 5th Layout, Yelahanka, Bengaluru - 560040",,KARNATAKA,Bengaluru Urban,HQAHM4174C,manufacturing,22/02/2019,2024-01-19,Dormant under section 455
U22725KA2001PTC685061,Naidu & Co.,Public Ltd,Ritu Naidu,"No. 217, 1st Cross, Brookefield, Bengaluru - 560094",560094,KARNATAKA,Bengaluru Rural,RMCPC4731B,construction,06-03-2001,2021-07-01,Dissolved
U48560KA2004PTC552977,Kulkarni Agency,Llp,Pooja Kulkarni,"No. 160, 3rd Avenue, Basavanagudi, Bengaluru - 560018",,KARNATAKA,Bengaluru Urban,ESIFL0854E,trading,21/12/2004,30/08/2024,Dormant under section 455
U95672KA2000PTC224062,Patil Pvt Ltd,Llp,Anita Patil,"No. 361, 2nd Extension, Bommanahalli, Bengaluru - 560050",560050,KARNATAKA,Bengaluru Rural,NIFAB0321I,manufacturing,07/12/2000,25/09/2026,Active
U24810KA2014PTC761675,Naidu Mills,Public Ltd,Venkatesh Naidu,"No. 179, 3rd Street, Brookefield, Bengaluru - 560025",560025,KARNATAKA,Bengaluru Urban,VXCPH4408X,technology,01-07-2014,,Active
U45570KA2007PTC409986,Kamath Engineers,Public Ltd,Mahesh Kamath,"No. 293, 2nd Cross, ITPL Main Road, Bengaluru - 560058",560058,KARNATAKA,Bengaluru Rural,,technology,13/02/2007,17/10/2025,Active
U61563KA2000PTC607456,Hegde Brothers,Pvt Ltd,Seema Hegde,"No. 340, 4th Main Road, Varthur, Bengaluru - 560092",560092,KARNATAKA,Bengaluru Urban,KIPTU3353I,technology,25/10/2000,08/08/2025,Active
U59050KA2019PTC272841,Pandey Technologies,Pvt Ltd,Kavita Pandey,"No. 395, 5th Avenue, Varthur, Bengaluru - 560022",,KARNATAKA,Bengaluru Urban,,services,06/10/2019,27-01-2024,Dormant under section 455
U52415KA3-04PTC460912,Murthy Manufacturing,Partnership,Pramod Murthy,"No. 426, 4th Road, Whitefield, Bengaluru - 560066",560066,KARNATAKA,Bengaluru Urban,NZVAE8043D,trading,2006-03-04,29-04-2026,Active
U33364KA5-13PTC293186,Verma Constructions,Llp,Pooja Verma,"No. 426, 4th Street, Electronic City, Bengaluru - 560092",560092,KARNATAKA,Bengaluru Rural,OKMTM9207L,technology,2011-05-13,15/07/2023,Dormant under section 455
U93257KA2012PTC778970,Gupta Industries,Llp,Vinod Gupta,"No. 309, 2nd Extension, Banashankari, Bengaluru - 560008",560008,KARNATAKA,Bengaluru Rural,,technology,25-04-2012,2020-04-27,Struck Off
U60960KA2005PTC418320,Mishra Brothers,Llp,Vijay Mishra,"No. 310, 2nd Street, Jayanagar, Bengaluru - 560073",560073,KARNATAKA,Bengaluru Rural,RKNTV1086O,technology,13/04/2005,21/12/2024,Dormant under section 455
U67288KA2017PTC442105,Jain Exports,Pvt Ltd,Kavita Jain,"No. 475, 2nd Avenue, Varthur, Bengaluru - 560098",560098,KARNATAKA,Bengaluru Rural,FPSHG1848O,manufacturing,10-11-2017,22/06/2024,Dormant under section 455
U10800KA2-01PTC612857,Gowda Solutions,Partnership,Nagaraj Gowda,"No. 85, 2nd Cross, Rajajinagar, Bengaluru - 560017",560017,KARNATAKA,Bengaluru Urban,TVBFU0451Y,technology,2006-12-01,11/09/2024,Dormant under section 455
U23320KA2004PTC274298,Agarwal Works,Public Ltd,Mohan Agarwal,"No. 153, 4th Road, JP Nagar, Bengaluru - 560095",560095,KARNATAKA,Bengaluru Urban,VOVPC0656Y,trading,05/10/2004,,Active
U61693KA2016PTC233930,Pai Agency,Pvt Ltd,Lakshmi Pai,"No. 12, 1st Layout, Hebbal, Bengaluru - 560041",560041,KARNATAKA,Bengaluru Rural,LDBHT4998S,services,28/05/2016,,Active
U71905KA2013PTC348332,Shah Constructions,Public Ltd,Sanjay Shah,"No. 102, 5th Extension, Whitefield, Bengaluru - 560103",560103,KARNATAKA,Bengaluru Rural,OFOPM5729V,construction,03-06-2013,06-06-2026,Active
U65784KA2009PTC909921,Pillai Trading Co.,Partnership,Krishna Pillai,"No. 323, 5th Avenue, Peenya, Bengaluru - 560018",560018,KARNATAKA,Bengaluru Rural,MOMPL3143X,manufacturing,20-04-2009,10/11/2026,Active
U52072KA2018PTC846969,Rao Associates,Public Ltd,Deepa Rao,"No. 279, 5th Layout, Sarjapur Road, Bengaluru - 560060",560060,KARNATAKA,Bengaluru Urban,,services,10/03/2018,30/03/2025,Active
U32323KA2011PTC814361,Gowda Solutions,Partnership,Sunil Gowda,"No. 208, 5th Street, Electronic City, Bengaluru - 560041",560041,KARNATAKA,Bengaluru Rural,REDFH0342K,technology,06-02-2011,,Dormant under section 455
U75844KA2002PTC443609,Nair Engineers,Pvt Ltd,Lakshmi Nair,"No. 229, 1st Layout, Peenya, Bengaluru - 560008",560008,KARNATAKA,Bengaluru Urban,LSCAD0555E,construction,10-11-2002,,Struck Off
U79349KA9-13PTC993050,Swamy Constructions,Llp,Ajay Swamy,"No. 373, 2nd Avenue, Whitefield, Bengaluru - 560068",560068,KARNATAKA,Bengaluru Urban,AKTTX6493M,manufacturing,2000-09-13,14-04-2025,Active
U50272KA2017PTC382323,Jain Corporation,Pvt Ltd,Neha Jain,"No. 396, 3rd Main Road, Mahadevapura, Bengaluru - 560073",560073,KARNATAKA,Bengaluru Rural,APSPH7422Y,manufacturing,04-02-2017,03/03/2026,Active
U49002KA2014PTC559654,Pandey Corporation,Partnership,Sohan Pandey,"No. 332, 1st Layout, Malleshwaram, Bengaluru - 560029",560029,KARNATAKA,Bengaluru Rural,DJTHH8378B,construction,08/12/2014,2020-02-01,Struck Off
U25608KA2008PTC473719,Verma Exports,Partnership,Sohan Verma,"No. 452, 4th Layout, Peenya, Bengaluru - 560048",560048,KARNATAKA,Bengaluru Urban,YZDHH6732K,trading,19/10/2008,2026-08-07,Active
U47930KA5-29PTC988568,Reddy Pvt Ltd,Pvt Ltd,Neha Reddy,"No. 301, 2nd Avenue, BTM Layout, Bengaluru - 560002",560002,KARNATAKA,Bengaluru Rural,ZZXPH2884B,technology,2002-05-29,19/03/2025,Active
U13969KA2019PTC333041,Singh Traders,Partnership,Deepa Singh,"No. 38, 1st Cross, Varthur, Bengaluru - 560034",560034,KARNATAKA,Bengaluru Urban,PPPFA6742R,manufacturing,02/05/2019,09/06/2026,Active
U36350KA8-31PTC351286,Murthy & Sons,Partnership,Kavita Murthy,"No. 155, 3rd Layout, Marathahalli, Bengaluru - 560011",560011,KARNATAKA,Bengaluru Urban,CCOAT7804Y,manufacturing,2013-08-31,11-11-2021,Struck Off
U77237KA8-01PTC597480,Menon Associates,Partnership,Vijay Menon,"No. 202, 3rd Road, ITPL Main Road, Bengaluru - 560038",560038,KARNATAKA,Bengaluru Urban,JWLHU9139G,construction,2013-08-01,07-06-2025,Active
U32818KA2017PTC603231,Singh Solutions,Pvt Ltd,Mohan Singh,"No. 182, 2nd Street, Bellandur, Bengaluru - 560094",560094,KARNATAKA,Bengaluru Urban,LJLAP5598N,construction,18/07/2017,25-08-2024,Dormant under section 455
U51414KA2019PTC817510,Verma Works,Public Ltd,,"No. 357, 4th Cross, Hoodi, Bengaluru - 560058",560058,KARNATAKA,Bengaluru Urban,NIAPJ4919E,trading,15/02/2019,19-02-2026,Active
U96624KA4-15PTC323039,Swamy Brothers,Pvt Ltd,Neha Swamy,"No. 59, 3rd Street, Yelahanka, Bengaluru - 560025",560025,KARNATAKA,Bengaluru Rural,EQLPX6153W,services,2005-04-15,07/07/2025,Active
U16553KA5-20PTC206458,Jain Technologies,Public Ltd,Rekha Jain,"No. 318, 1st Avenue, Yelahanka, Bengaluru - 560043",560043,KARNATAKA,Bengaluru Rural,SNKCS3166U,manufacturing,2001-05-20,2025-10-09,Active
U48343KA3-31PTC392779,Nair & Co.,Public Ltd,Priya Nair,"No. 385, 2nd Cross, Sarjapur Road, Bengaluru - 560102",560102,KARNATAKA,Bengaluru Urban,NELTY7511Y,services,2006-03-31,02-03-2023,Dormant under section 455
U31310KA2014PTC721270,Shetty Corporation,Llp,Sunita Shetty,"No. 425, 2nd Avenue, Malleshwaram, Bengaluru - 560098",560098,KARNATAKA,Bengaluru Rural,,construction,06-09-2014,06-04-2025,Active
U61911KA2004PTC243184,Shetty Engineers,Pvt Ltd,Lakshmi Shetty,"No. 391, 1st Road, Bellandur, Bengaluru - 560045",560045,KARNATAKA,Bengaluru Urban,ZQSPZ5242I,services,09-03-2004,26/03/2025,Active
U44339KA5-29PTC458041,Shetty Engineers,Partnership,,"No. 228, 1st Road, Bellandur, Bengaluru - 560068",560068,KARNATAKA,Bengaluru Rural,RQBTJ7740D,construction,2006-05-29,,Active
U24701KA6-13PTC150566,Pandey Brothers,Pvt Ltd,Vinod Pandey,"No. 72, 2nd Cross, ITPL Main Road, Bengaluru - 560043",560043,KARNATAKA,Bengaluru Urban,QLSTX1468C,construction,2002-06-13,2025-04-26,Active
U40664KA2014PTC973107,Kumar Engineers,Public Ltd,Ganesh Kumar,"No. 111, 1st Road, Marathahalli, Bengaluru - 560001",560001,KARNATAKA,Bengaluru Rural,,services,28/08/2014,28-10-2026,Active
U87915KA2018PTC529495,Sharma & Co.,Partnership,Suresh Sharma,"No. 178, 1st Cross, Bommanahalli, Bengaluru - 560030",560030,KARNATAKA,Bengaluru Urban,CLJFS7723P,manufacturing,12-07-2018,27-07-2022,Under Liquidation
U46298KA0-22PTC871880,Mehta Agency,Pvt Ltd,Rohan Mehta,"No. 484, 2nd Main Road, Koramangala, Bengaluru - 560030",560030,KARNATAKA,Bengaluru Urban,CCDHC5061J,services,2001-10-22,2023-12-02,Dormant under section 455
U90618KA2021PTC859375,Menon Exports,Public Ltd,Lakshmi Menon,"No. 246, 1st Road, Bommanahalli, Bengaluru - 560053",560053,KARNATAKA,Bengaluru Rural,,construction,27/09/2021,25/10/2022,Under Liquidation
U74261KA2006PTC444555,Menon Manufacturing,Public Ltd,Raghav Menon,"No. 392, 2nd Extension, Jayanagar, Bengaluru - 560102",560102,KARNATAKA,Bengaluru Rural,KEICA8709Q,technology,17-05-2006,,Dissolved
U24570KA1-03PTC983516,Gowda Enterprises,Partnership,Sunita Gowda,"No. 470, 2nd Avenue, Varthur, Bengaluru - 560076",560076,KARNATAKA,Bengaluru Urban,,trading,2016-01-03,29/06/2023,Dormant under section 455
U80623KA2-30PTC738795,Jain Traders,Partnership,Krishna Jain,"No. 14, 2nd Main Road, Indiranagar, Bengaluru - 560025",560025,KARNATAKA,Bengaluru Rural,SSSFV2205P,trading,2019-12-30,,Active
U49221KA2001PTC654504,Kulkarni Constructions,Partnership,Krishna Kulkarni,"No. 244, 3rd Road, HSR Layout, Bengaluru - 560073",560073,KARNATAKA,Bengaluru Rural,FGBTV0684Y,services,30/11/2001,01/12/2026,Active
U70571KA1-28PTC115087,Sharma Traders,Pvt Ltd,Nagaraj Sharma,"No. 213, 2nd Main Road, Indiranagar, Bengaluru - 560053",560053,KARNATAKA,Bengaluru Urban,FVDAI3780R,services,2018-01-28,29-11-2026,Active
U53087KA2002PTC950274,Shenoy Solutions,Partnership,,"No. 499, 4th Avenue, Rajajinagar, Bengaluru - 560011",560011,KARNATAKA,Bengaluru Rural,KKWTH0423K,technology,11/12/2002,2024-02-18,Dormant under section 455
U78560KA3-24PTC510222,Kamath Mills,Llp,Ajay Kamath,"No. 349, 1st Main Road, Indiranagar, Bengaluru - 560085",560085,KARNATAKA,Bengaluru Rural,,manufacturing,2002-03-24,2021-03-14,Struck Off
U37514KA2014PTC653819,Patel Works,Llp,Arun Patel,"No. 445, 4th Extension, Indiranagar, Bengaluru - 560066",560066,KARNATAKA,Bengaluru Rural,YXRCL2848L,manufacturing,02-12-2014,,Struck Off
U85775KA2013PTC357699,Bhat & Sons,Pvt Ltd,Rajesh Bhat,"No. 103, 3rd Road, Bommanahalli, Bengaluru - 560003",560003,KARNATAKA,Bengaluru Rural,BLFCS7470T,manufacturing,16/01/2013,,Dormant under section 455
U85554KA2005PTC111908,Shetty Services,Llp,Suresh Shetty,"No. 87, 1st Cross, Peenya, Bengaluru - 560076",,KARNATAKA,Bengaluru Urban,IXZFP3199M,construction,17-07-2005,2026-12-20,Active
U85085KA9-09PTC760891,Naidu Solutions,Llp,Lakshmi Naidu,"No. 103, 3rd Avenue, Mahadevapura, Bengaluru - 560025",560025,KARNATAKA,Bengaluru Urban,FRAHV1567N,technology,2006-09-09,18-03-2023,Dormant under section 455
U51369KA8-18PTC254986,Sharma Technologies,Partnership,Kavita Sharma,"No. 458, 4th Extension, Basavanagudi, Bengaluru - 560045",560045,KARNATAKA,Bengaluru Rural,SXQHJ2088J,manufacturing,2002-08-18,28/08/2026,Active
U21721KA2022PTC758510,Patel Manufacturing,Partnership,Neha Patel,"No. 445, 5th Avenue, Varthur, Bengaluru - 560001",560001,KARNATAKA,Bengaluru Urban,UREHY3068E,manufacturing,05/09/2022,2020-12-04,Dissolved
U70906KA2021PTC885385,Naidu Works,Pvt Ltd,,"No. 212, 1st Extension, JP Nagar, Bengaluru - 560009",560009,KARNATAKA,Bengaluru Urban,TIIFB5538C,construction,22-03-2021,,Dormant under section 455
U12618KA2014PTC882372,Gupta & Sons,Public Ltd,Pooja Gupta,"No. 413, 2nd Main Road, Yelahanka, Bengaluru - 560040",560040,KARNATAKA,Bengaluru Rural,UXRCX8166K,services,17-06-2014,27-12-2025,Active
U42587KA2010PTC999310,Pandey Technologies,Llp,Ramesh Pandey,"No. 103, 3rd Avenue, Jayanagar, Bengaluru - 560094",560094,KARNATAKA,Bengaluru Urban,MORHV7828Z,technology,28-08-2010,13/12/2024,Dormant under section 455
U51307KA2002PTC466542,Prasad Services,Public Ltd,,"No. 350, 1st Main Road, Electronic City, Bengaluru - 560058",560058,KARNATAKA,Bengaluru Urban,,trading,13-04-2002,,Active
U53003KA9-07PTC966492,Pillai Services,Pvt Ltd,Pooja Pillai,"No. 151, 2nd Avenue, Basavanagudi, Bengaluru - 560045",560045,KARNATAKA,Bengaluru Rural,MOJTK5957F,construction,2012-09-07,,Under Liquidation
U52957KA2018PTC163959,Nair & Co.,Llp,Priya Nair,"No. 425, 4th Street, Bommanahalli, Bengaluru - 560029",560029,KARNATAKA,Bengaluru Urban,ULBTG3009Y,construction,21/02/2018,03-02-2026,Active
U54990KA5-05PTC831025,Jain Agency,Public Ltd,Vijay Jain,"No. 16, 4th Main Road, Bellandur, Bengaluru - 560052",560052,KARNATAKA,Bengaluru Urban,DASPY7083Q,manufacturing,2006-05-05,10-08-2026,Active
U67654KA2-17PTC182696,Iyer Services,Pvt Ltd,Divya Iyer,"No. 410, 5th Avenue, Bellandur, Bengaluru - 560022",560022,KARNATAKA,Bengaluru Urban,KOCCX7729Q,manufacturing,2003-02-17,07/04/2026,Active
U37392KA2003PTC470388,Pandey & Sons,Partnership,Sanjay Pandey,"No. 460, 1st Extension, Sarjapur Road, Bengaluru - 560076",560076,KARNATAKA,Bengaluru Rural,NUKHB0619U,services,17-06-2003,2025-08-05,Active
U52173KA2021PTC887769,Reddy Technologies,Llp,Kavita Reddy,"No. 263, 1st Extension, Sarjapur Road, Bengaluru - 560011",560011,KARNATAKA,Bengaluru Urban,EJSPV2874P,services,22/02/2021,25-02-2026,Active
U97249KA2018PTC358275,Rao Enterprises,Public Ltd,,"No. 351, 4th Avenue, Peenya, Bengaluru - 560068",560068,KARNATAKA,Bengaluru Urban,DPTAV5169T,construction,14/11/2018,21/12/2022,Dissolved
U73877KA2012PTC695695,Jain Traders,Pvt Ltd,Raghav Jain,"No. 97, 1st Street, Marathahalli, Bengaluru - 560053",560053,KARNATAKA,Bengaluru Urban,FUUHL5776D,technology,11-05-2012,,Active
U42256KA2012PTC511972,Murthy Solutions,Llp,Varun Murthy,"No. 403, 3rd Avenue, JP Nagar, Bengaluru - 560066",560066,KARNATAKA,Bengaluru Urban,OOEAR4957M,construction,06-11-2012,2020-04-27,Dissolved
U71805KA2008PTC609774,Sharma Pvt Ltd,Public Ltd,Mukesh Sharma,"No. 205, 3rd Street, Brookefield, Bengaluru - 560038",,KARNATAKA,Bengaluru Rural,,services,22/09/2008,10/01/2020,Struck Off
U59572KA1-19PTC529768,Menon Associates,Partnership,,"No. 460, 5th Avenue, Yelahanka, Bengaluru - 560095",560095,KARNATAKA,Bengaluru Urban,ENOAJ3152R,trading,2012-11-19,2025-12-17,Active
U43408KA2012PTC368880,Prasad Corporation,Public Ltd,,"No. 55, 1st Road, Brookefield, Bengaluru - 560017",560017,KARNATAKA,Bengaluru Rural,OEICS2969P,services,27/07/2012,,Active
U91717KA2005PTC830404,Pandey Engineers,Public Ltd,Priya Pandey,"No. 314, 3rd Main Road, Basavanagudi, Bengaluru - 560043",560043,KARNATAKA,Bengaluru Rural,BUMAB5361D,services,18-11-2005,13-04-2023,Dormant under section 455
U93206KA2020PTC414167,Hegde Pvt Ltd,Public Ltd,Pooja Hegde,"No. 314, 5th Layout, Sarjapur Road, Bengaluru - 560053",560053,KARNATAKA,Bengaluru Urban,FOQCY2357O,technology,13/03/2020,2025-01-24,Active
U34760KA2-15PTC801789,Singh Solutions,Pvt Ltd,Sohan Singh,"No. 44, 4th Cross, Whitefield, Bengaluru - 560079",,KARNATAKA,Bengaluru Urban,SRYTX0110P,technology,2019-12-15,28-12-2020,Struck Off
U28705KA2008PTC610243,Kulkarni Manufacturing,Pvt Ltd,Sunita Kulkarni,"No. 1, 5th Avenue, MG Road, Bengaluru - 560041",560041,KARNATAKA,Bengaluru Urban,PQQAN5633R,technology,16/06/2008,14/06/2022,Dissolved
U44510KA1-17PTC764545,Kulkarni Services,Partnership,Ganesh Kulkarni,"No. 149, 1st Street, Whitefield, Bengaluru - 560022",560022,KARNATAKA,Bengaluru Rural,,manufacturing,2004-01-17,11/08/2025,Active
U87591KA2001PTC432386,Bhat Pvt Ltd,Partnership,Arun Bhat,"No. 425, 1st Road, JP Nagar, Bengaluru - 560037",560037,KARNATAKA,Bengaluru Urban,KUMFO6007E,trading,22-11-2001,2022-12-02,Struck Off
U64839KA2015PTC619356,Bhat Traders,Pvt Ltd,Sunita Bhat,"No. 46, 2nd Main Road, Brookefield, Bengaluru - 560048",560048,KARNATAKA,Bengaluru Rural,GQFPV2163F,services,31/07/2015,22-01-2023,Dormant under section 455
U92142KA2022PTC825672,Murthy Industries,Public Ltd,Nagaraj Murthy,"No. 152, 3rd Extension, Yelahanka, Bengaluru - 560017",560017,KARNATAKA,Bengaluru Rural,,services,26-04-2022,17/10/2025,Active
U90434KA2010PTC633879,Verma Agency,Public Ltd,Vinod Verma,"No. 406, 2nd Extension, Electronic City, Bengaluru - 560009",560009,KARNATAKA,Bengaluru Rural,CFNPX2316S,trading,18-10-2010,20-01-2026,Active
U41081KA8-23PTC971532,Pillai Services,Pvt Ltd,Neha Pillai,"No. 421, 3rd Extension, Brookefield, Bengaluru - 560002",560002,KARNATAKA,Bengaluru Urban,YGZHM0020E,manufacturing,2021-08-23,08-12-2026,Active
U26159KA2005PTC575542,Sharma & Sons,Partnership,Ramesh Sharma,"No. 22, 3rd Extension, Peenya, Bengaluru - 560041",560041,KARNATAKA,Bengaluru Urban,OXPFB7500Y,construction,05/12/2005,09-08-2026,Active
U83393KA0-04PTC225638,Menon Corporation,Partnership,Ganesh Menon,"No. 221, 3rd Street, Brookefield, Bengaluru - 560038",560038,KARNATAKA,Bengaluru Urban,BKCAN7115P,technology,2019-10-04,2021-04-23,Under Liquidation
U14602KA3-02PTC312960,Deshmukh Works,Partnership,Suresh Deshmukh,"No. 379, 5th Main Road, BTM Layout, Bengaluru - 560045",560045,KARNATAKA,Bengaluru Urban,RESPD7261J,trading,2012-03-02,2025-01-09,Active
U76487KA2001PTC617385,Singh Pvt Ltd,Llp,Arun Singh,"No. 288, 1st Road, Yelahanka, Bengaluru - 560066",560066,KARNATAKA,Bengaluru Urban,KHWTL8086H,trading,27-04-2001,2021-04-06,Struck Off
U39156KA4-23PTC867870,Deshmukh Constructions,Public Ltd,Anita Deshmukh,"No. 71, 5th Extension, Sarjapur Road, Bengaluru - 560029",560029,KARNATAKA,Bengaluru Urban,IKDTM5686N,manufacturing,2005-04-23,30-05-2025,Active
U22359KA5-07PTC343844,Kumar Traders,Partnership,Rohan Kumar,"No. 314, 2nd Extension, KR Puram, Bengaluru - 560078",560078,KARNATAKA,Bengaluru Urban,AIZHJ4989I,construction,2007-05-07,,Active
U35297KA2019PTC637553,Reddy Traders,Pvt Ltd,Vijay Reddy,"No. 202, 5th Street, Malleshwaram, Bengaluru - 560100",560100,KARNATAKA,Bengaluru Urban,YYFTG7099T,services,19/09/2019,08/08/2021,Dissolved
U61891KA2022PTC239712,Shetty & Sons,Llp,Manoj Shetty,"No. 13, 2nd Layout, Yelahanka, Bengaluru - 560043",560043,KARNATAKA,Bengaluru Urban,EHXTQ9460Q,technology,14-12-2022,14-02-2022,Struck Off
U95879KA2012PTC988544,Swamy Solutions,Public Ltd,Anita Swamy,"No. 319, 3rd Road, MG Road, Bengaluru - 560025",560025,KARNATAKA,Bengaluru Rural,JTXAV8117B,services,22-06-2012,2025-08-01,Active
U95507KA8-11PTC473397,Swamy Agency,Public Ltd,Sanjay Swamy,"No. 394, 3rd Cross, Koramangala, Bengaluru - 560003",560003,KARNATAKA,Bengaluru Rural,EBJCB6829B,services,2002-08-11,07-10-2026,Active
U17418KA2012PTC841632,Shenoy Works,Partnership,Rekha Shenoy,"No. 363, 3rd Main Road, HSR Layout, Bengaluru - 560079",560079,KARNATAKA,Bengaluru Urban,ZMRTJ4825T,manufacturing,19/08/2012,12/11/2023,Dormant under section 455
U38192KA7-31PTC267311,Shetty Works,Partnership,Sunita Shetty,"No. 457, 5th Cross, Yelahanka, Bengaluru - 560085",560085,KARNATAKA,Bengaluru Rural,NIATK3760F,manufacturing,2012-07-31,20-01-2026,Active
U17798KA9-07PTC751568,Shenoy Corporation,Pvt Ltd,Sanjay Shenoy,"No. 111, 5th Cross, Rajajinagar, Bengaluru - 560058",560058,KARNATAKA,Bengaluru Urban,,technology,2014-09-07,11-04-2023,Dormant under section 455
U28900KA2015PTC887116,Reddy Solutions,Public Ltd,Nagaraj Reddy,"No. 160, 1st Extension, Hoodi, Bengaluru - 560094",560094,KARNATAKA,Bengaluru Rural,,services,18-09-2015,25-05-2025,Active
U72215KA2013PTC258359,Singh & Co.,Llp,Ajay Singh,"No. 306, 5th Street, Varthur, Bengaluru - 560022",560022,KARNATAKA,Bengaluru Rural,UOEFT8500V,manufacturing,03-12-2013,22/04/2026,Active
U34029KA2007PTC286076,Patel Works,Partnership,Divya Patel,"No. 237, 2nd Cross, Hebbal, Bengaluru - 560047",560047,KARNATAKA,Bengaluru Rural,GFWAI9366Z,technology,18/02/2007,2025-12-15,Active
U47960KA2013PTC114668,Kamath Associates,Public Ltd,Priya Kamath,"No. 158, 4th Road, Electronic City, Bengaluru - 560058",560058,KARNATAKA,Bengaluru Urban,VPUHS7526C,construction,27/01/2013,2026-04-03,Active
U23065KA2016PTC213122,Gowda Brothers,Llp,Ramesh Gowda,"No. 287, 3rd Road, Varthur, Bengaluru - 560001",560001,KARNATAKA,Bengaluru Rural,,technology,28/02/2016,2026-11-18,Active
U66573KA8-04PTC204036,Patil Constructions,Llp,Pramod Patil,"No. 116, 2nd Layout, Basavanagudi, Bengaluru - 560050",560050,KARNATAKA,Bengaluru Urban,DBATP6911Z,technology,2003-08-04,,Dormant under section 455
U68805KA2001PTC828192,Bhat Agency,Public Ltd,Venkatesh Bhat,"No. 376, 3rd Layout, KR Puram, Bengaluru - 560062",,KARNATAKA,Bengaluru Rural,MCXPH4790U,trading,23/03/2001,10-05-2025,Active
U87929KA2000PTC451504,Rao Constructions,Public Ltd,Ritu Rao,"No. 471, 3rd Cross, Mahadevapura, Bengaluru - 560055",560055,KARNATAKA,Bengaluru Rural,TTNHV7418A,trading,22-06-2000,2025-03-11,Active
U19185KA2-03PTC698989,Shetty & Sons,Llp,Rekha Shetty,"No. 95, 3rd Cross, Varthur, Bengaluru - 560010",560010,KARNATAKA,Bengaluru Rural,KNRFH7206B,construction,2014-12-03,,Active
U70928KA2000PTC598908,Patel Industries,Partnership,Sohan Patel,"No. 460, 4th Main Road, MG Road, Bengaluru - 560058",,KARNATAKA,Bengaluru Urban,,technology,24/02/2000,2022-09-14,Dissolved
U83804KA1-22PTC112922,Reddy Technologies,Public Ltd,,"No. 242, 5th Road, MG Road, Bengaluru - 560092",560092,KARNATAKA,Bengaluru Urban,ABUPM1864V,construction,2009-11-22,,Dormant under section 455
U95766KA2007PTC573401,Mehta & Co.,Llp,Arun Mehta,"No. 460, 3rd Main Road, Bellandur, Bengaluru - 560102",560102,KARNATAKA,Bengaluru Urban,QXLPX0510Q,technology,27/12/2007,14-04-2026,Active
U15407KA2009PTC879348,Jain Traders,Llp,Kavita Jain,"No. 464, 2nd Extension, Mahadevapura, Bengaluru - 560085",560085,KARNATAKA,Bengaluru Urban,FJHFE0521O,trading,22-12-2009,11/01/2020,Under Liquidation
U25722KA2020PTC126163,Sharma & Co.,Pvt Ltd,Varun Sharma,"No. 152, 2nd Street, Basavanagudi, Bengaluru - 560011",560011,KARNATAKA,Bengaluru Urban,ZBMAB4386D,services,29-10-2020,2026-10-05,Active
U63413KA2015PTC930836,Mishra Trading Co.,Pvt Ltd,,"No. 239, 5th Road, Basavanagudi, Bengaluru - 560050",560050,KARNATAKA,Bengaluru Rural,KRNFN7665G,services,27/10/2015,10/03/2026,Active
U72123KA2019PTC974758,Kamath Industries,Llp,,"No. 148, 1st Road, Electronic City, Bengaluru - 560052",560052,KARNATAKA,Bengaluru Urban,BJLAQ8458J,trading,29-11-2019,,Active
U39567KA9-02PTC896473,Agarwal Engineers,Partnership,Anita Agarwal,"No. 405, 3rd Main Road, Electronic City, Bengaluru - 560041",560041,KARNATAKA,Bengaluru Rural,BWGAU3567P,services,2010-09-02,,Active
U28903KA2019PTC197352,Deshmukh Industries,Llp,Venkatesh Deshmukh,"No. 252, 3rd Extension, BTM Layout, Bengaluru - 560052",,KARNATAKA,Bengaluru Urban,IKVHL0065H,construction,06/11/2019,11-03-2026,Active
U45373KA2011PTC892019,Gupta & Co.,Partnership,,"No. 364, 5th Avenue, Yelahanka, Bengaluru - 560071",560071,KARNATAKA,Bengaluru Urban,XDPPE2489C,manufacturing,13/10/2011,2022-08-25,Under Liquidation
U86459KA2003PTC384790,Iyer Works,Pvt Ltd,Divya Iyer,"No. 376, 5th Road, Peenya, Bengaluru - 560048",560048,KARNATAKA,Bengaluru Rural,QXKHW6074C,trading,12-06-2003,2026-10-06,Active
U59260KA6-05PTC746996,Jain Brothers,Llp,,"No. 472, 2nd Road, Malleshwaram, Bengaluru - 560053",560053,KARNATAKA,Bengaluru Urban,TPEFK8636W,construction,2003-06-05,18/01/2023,Dormant under section 455
U22369KA2010PTC335561,Nair Services,Public Ltd,Deepa Nair,"No. 276, 1st Street, Brookefield, Bengaluru - 560018",560018,KARNATAKA,Bengaluru Urban,,services,17/03/2010,2025-11-18,Active
U83032KA4-27PTC125277,Pai Manufacturing,Public Ltd,Sunita Pai,"No. 63, 3rd Layout, Indiranagar, Bengaluru - 560060",560060,KARNATAKA,Bengaluru Rural,DVSFY7527U,trading,2004-04-27,16/06/2024,Dormant under section 455
U57066KA2021PTC712731,Naidu & Sons,Public Ltd,Pramod Naidu,"No. 227, 4th Road, JP Nagar, Bengaluru - 560043",560043,KARNATAKA,Bengaluru Urban,,technology,27/01/2021,,Active
U97479KA2018PTC215804,Kumar Associates,Llp,Vijay Kumar,"No. 177, 3rd Layout, Banashankari, Bengaluru - 560009",560009,KARNATAKA,Bengaluru Rural,BGPHT6720S,manufacturing,13-12-2018,08/03/2026,Active
U66343KA2011PTC666747,Shenoy Services,Llp,Sunil Shenoy,"No. 273, 5th Avenue, Sarjapur Road, Bengaluru - 560038",560038,KARNATAKA,Bengaluru Rural,VNHTR3425V,services,22/12/2011,20-09-2025,Active
U64214KA8-03PTC367700,Shetty Enterprises,Partnership,Sohan Shetty,"No. 282, 2nd Street, Bellandur, Bengaluru - 560038",560038,KARNATAKA,Bengaluru Urban,PKCCA2845N,construction,2010-08-03,2026-05-28,Active
U65220KA2000PTC233066,Rao Pvt Ltd,Pvt Ltd,Varun Rao,"No. 210, 3rd Avenue, Yelahanka, Bengaluru - 560038",560038,KARNATAKA,Bengaluru Urban,,trading,11-12-2000,,Under Liquidation
U45289KA7-02PTC427115,Tiwari Manufacturing,Llp,Seema Tiwari,"No. 121, 3rd Main Road, Brookefield, Bengaluru - 560008",,KARNATAKA,Bengaluru Urban,RYRTH2367Z,trading,2004-07-02,2024-06-02,Dormant under section 455
U83071KA2017PTC192873,Agarwal Associates,Partnership,Mukesh Agarwal,"No. 128, 5th Street, Electronic City, Bengaluru - 560010",560010,KARNATAKA,Bengaluru Urban,,trading,26/08/2017,2021-04-04,Under Liquidation
U27121KA2009PTC189919,Hegde Industries,Public Ltd,Sanjay Hegde,"No. 61, 1st Street, KR Puram, Bengaluru - 560018",,KARNATAKA,Bengaluru Rural,YYQTH9917F,services,01/09/2009,13/07/2023,Dormant under section 455
U36424KA2022PTC512130,Mehta & Sons,Pvt Ltd,Varun Mehta,"No. 363, 4th Street, JP Nagar, Bengaluru - 560098",560098,KARNATAKA,Bengaluru Rural,,manufacturing,19-08-2022,09-02-2026,Active
U40207KA5-21PTC392135,Iyer Solutions,Llp,Neha Iyer,"No. 256, 3rd Street, Whitefield, Bengaluru - 560003",560003,KARNATAKA,Bengaluru Rural,JZOAF2598E,technology,2002-05-21,2025-08-24,Active
U76082KA2001PTC265381,Hegde Solutions,Pvt Ltd,,"No. 445, 3rd Main Road, BTM Layout, Bengaluru - 560008",560008,KARNATAKA,Bengaluru Urban,AGSHD9903W,manufacturing,01/03/2001,2024-11-27,Dormant under section 455
U34574KA1-30PTC255225,Mehta Engineers,Pvt Ltd,Anita Mehta,"No. 411, 3rd Cross, Jayanagar, Bengaluru - 560029",,KARNATAKA,Bengaluru Urban,,construction,2006-11-30,19-03-2026,Active
U74443KA2019PTC819657,Swamy & Co.,Public Ltd,Vinod Swamy,"No. 263, 3rd Layout, Jayanagar, Bengaluru - 560008",560008,KARNATAKA,Bengaluru Urban,,services,09/03/2019,2026-07-19,Active
U37280KA0-20PTC898346,Naidu Agency,Llp,Rekha Naidu,"No. 24, 1st Layout, JP Nagar, Bengaluru - 560022",,KARNATAKA,Bengaluru Rural,,manufacturing,2000-10-20,2025-01-14,Active
U48232KA2-06PTC879906,Jain Trading Co.,Llp,Lakshmi Jain,"No. 263, 5th Street, Hebbal, Bengaluru - 560052",560052,KARNATAKA,Bengaluru Rural,MWPCJ5800U,construction,2000-12-06,,Active
U10440KA2-11PTC641230,Bhat Pvt Ltd,Pvt Ltd,Varun Bhat,"No. 384, 1st Street, Varthur, Bengaluru - 560040",560040,KARNATAKA,Bengaluru Rural,IGFTK9874J,trading,2007-02-11,,Dormant under section 455
U25612KA2013PTC525925,Pai Traders,Partnership,Priya Pai,"No. 475, 4th Avenue, Jayanagar, Bengaluru - 560098",,KARNATAKA,Bengaluru Rural,UICCD5497Y,trading,07-02-2013,03/06/2026,Active
U84411KA7-13PTC889544,Murthy Industries,Llp,Rohan Murthy,"No. 387, 4th Cross, Varthur, Bengaluru - 560048",560048,KARNATAKA,Bengaluru Urban,TCQFE1297A,manufacturing,2006-07-13,2024-06-13,Dormant under section 455
U69866KA2008PTC878215,Jain & Co.,Llp,Ajay Jain,"No. 284, 3rd Street, Varthur, Bengaluru - 560095",560095,KARNATAKA,Bengaluru Rural,CIZCN0766S,trading,06/11/2008,05/07/2026,Active
U90973KA2010PTC146902,Iyer Corporation,Public Ltd,Seema Iyer,"No. 259, 1st Street, Banashankari, Bengaluru - 560100",560100,KARNATAKA,Bengaluru Urban,KSWAR2055Y,technology,28/06/2010,14-11-2026,Active
U81776KA2006PTC545914,Singh Industries,Partnership,Ramesh Singh,"No. 244, 2nd Layout, Whitefield, Bengaluru - 560055",560055,KARNATAKA,Bengaluru Urban,ODJTH1517O,construction,22-06-2006,,Active
U87265KA2002PTC640069,Mehta Industries,Public Ltd,Manoj Mehta,"No. 461, 4th Cross, HSR Layout, Bengaluru - 560050",560050,KARNATAKA,Bengaluru Urban,OOXHP8811U,services,16-05-2002,03-05-2026,Active
U42023KA8-04PTC567318,Reddy Works,Public Ltd,,"No. 93, 4th Road, Banashankari, Bengaluru - 560045",560045,KARNATAKA,Bengaluru Rural,XDYCA2288S,manufacturing,2014-08-04,01/03/2025,Active
U89184KA2018PTC682270,Pai & Sons,Public Ltd,Divya Pai,"No. 163, 4th Extension, Jayanagar, Bengaluru - 560038",560038,KARNATAKA,Bengaluru Rural,KIKFI3812Y,trading,31/03/2018,,Active
U50507KA5-18PTC257371,Jain Pvt Ltd,Pvt Ltd,Rajesh Jain,"No. 140, 5th Cross, Hebbal, Bengaluru - 560004",560004,KARNATAKA,Bengaluru Rural,FZJCZ2995B,technology,2019-05-18,22-11-2025,Active
U18967KA8-13PTC480652,Swamy & Co.,Llp,Lakshmi Swamy,"No. 276, 1st Avenue, JP Nagar, Bengaluru - 560103",560103,KARNATAKA,Bengaluru Urban,YQZTO2632T,manufacturing,2016-08-13,15-08-2025,Active
U52159KA2008PTC493280,Nair Enterprises,Pvt Ltd,Arun Nair,"No. 57, 3rd Extension, JP Nagar, Bengaluru - 560085",560085,KARNATAKA,Bengaluru Rural,AHXFG0637H,technology,09-08-2008,11-12-2026,Active
U45826KA2007PTC524067,Kamath Works,Partnership,Sanjay Kamath,"No. 23, 2nd Road, Brookefield, Bengaluru - 560068",560068,KARNATAKA,Bengaluru Rural,,services,18/05/2007,,Active
U44995KA2019PTC775243,Shah Engineers,Public Ltd,Arun Shah,"No. 7, 5th Street, Indiranagar, Bengaluru - 560009",560009,KARNATAKA,Bengaluru Urban,CTGAZ6037T,trading,20-07-2019,02/01/2022,Struck Off
U76452KA2-07PTC259601,Shetty Services,Public Ltd,Arun Shetty,"No. 356, 3rd Cross, JP Nagar, Bengaluru - 560070",560070,KARNATAKA,Bengaluru Rural,IFLFZ3157T,technology,2021-12-07,26-04-2024,Dormant under section 455
U10147KA2001PTC256543,Tiwari Engineers,Public Ltd,Mahesh Tiwari,"No. 459, 2nd Layout, HSR Layout, Bengaluru - 560029",560029,KARNATAKA,Bengaluru Urban,,services,05/11/2001,11/12/2025,Active
U75127KA2012PTC374810,Singh Manufacturing,Pvt Ltd,Kiran Singh,"No. 37, 3rd Road, Indiranagar, Bengaluru - 560009",560009,KARNATAKA,Bengaluru Urban,LLJHK2042C,manufacturing,22/08/2012,18/02/2024,Dormant under section 455
U93515KA2018PTC302011,Kamath Agency,Partnership,Pooja Kamath,"No. 434, 2nd Layout, Malleshwaram, Bengaluru - 560008",560008,KARNATAKA,Bengaluru Rural,VTATQ9982X,trading,20/10/2018,18-02-2024,Dormant under section 455
U12280KA2013PTC108830,Tiwari Industries,Partnership,Raghav Tiwari,"No. 244, 1st Cross, BTM Layout, Bengaluru - 560050",560050,KARNATAKA,Bengaluru Rural,,services,21-01-2013,2026-04-11,Active
U82307KA2020PTC835281,Bhat Pvt Ltd,Pvt Ltd,Seema Bhat,"No. 258, 4th Cross, BTM Layout, Bengaluru - 560076",560076,KARNATAKA,Bengaluru Urban,JAIHM1154C,manufacturing,20/06/2020,29/12/2024,Dormant under section 455
U33159KA2019PTC924497,Menon Agency,Partnership,Anita Menon,"No. 431, 2nd Main Road, Marathahalli, Bengaluru - 560062",560062,KARNATAKA,Bengaluru Urban,TJTCM0271V,technology,30-10-2019,13-10-2026,Active
U24997KA2017PTC133247,Kumar & Co.,Partnership,,"No. 421, 2nd Street, Malleshwaram, Bengaluru - 560001",560001,KARNATAKA,Bengaluru Urban,QSXHW3007Y,technology,20/09/2017,2025-08-07,Active
U13084KA2020PTC156394,Shenoy Solutions,Public Ltd,,"No. 129, 1st Extension, Electronic City, Bengaluru - 560073",560073,KARNATAKA,Bengaluru Rural,JEKFA3408U,manufacturing,19/02/2020,27-08-2025,Active
U21761KA2009PTC858546,Shenoy Exports,Partnership,Arun Shenoy,"No. 105, 1st Main Road, JP Nagar, Bengaluru - 560017",560017,KARNATAKA,Bengaluru Rural,PZGAY8377T,trading,26-03-2009,2026-11-12,Active
U92201KA2017PTC547968,Swamy Engineers,Pvt Ltd,,"No. 41, 4th Street, Peenya, Bengaluru - 560034",560034,KARNATAKA,Bengaluru Rural,,manufacturing,11/11/2017,28/03/2026,Active
U59055KA2021PTC112088,Kamath Exports,Llp,Sunil Kamath,"No. 288, 5th Layout, JP Nagar, Bengaluru - 560040",560040,KARNATAKA,Bengaluru Urban,NTTHA7409J,trading,16/12/2021,2026-08-26,Active
U43888KA2003PTC427215,Pandey & Co.,Public Ltd,Mohan Pandey,"No. 18, 3rd Street, Hebbal, Bengaluru - 560034",,KARNATAKA,Bengaluru Urban,KBXHS1797Y,construction,09-08-2003,2022-05-16,Under Liquidation
U67646KA2002PTC539313,Tiwari Exports,Partnership,Rajesh Tiwari,"No. 1, 1st Road, Hebbal, Bengaluru - 560018",560018,KARNATAKA,Bengaluru Rural,VGHAV8577X,services,24-08-2002,16/07/2025,Active
U24034KA2019PTC752255,Menon Works,Pvt Ltd,,"No. 52, 1st Road, Brookefield, Bengaluru - 560095",560095,KARNATAKA,Bengaluru Rural,ZWLAD8123I,construction,07/04/2019,18/12/2025,Active
U36864KA2021PTC867441,Naidu Mills,Partnership,Rohan Naidu,"No. 418, 2nd Cross, Brookefield, Bengaluru - 560097",560097,KARNATAKA,Bengaluru Rural,VYRHT0331O,construction,25/09/2021,25/03/2023,Dormant under section 455
U20888KA2021PTC615028,Singh Exports,Pvt Ltd,Sunil Singh,"No. 489, 1st Layout, Yelahanka, Bengaluru - 560018",560018,KARNATAKA,Bengaluru Urban,,services,13-05-2021,20-05-2025,Active
U99048KA2005PTC232348,Pillai Manufacturing,Pvt Ltd,Divya Pillai,"No. 58, 1st Cross, Koramangala, Bengaluru - 560040",560040,KARNATAKA,Bengaluru Urban,,trading,31-08-2005,2024-08-27,Dormant under section 455
U76766KA2017PTC511025,Agarwal Mills,Llp,Divya Agarwal,"No. 294, 4th Street, Varthur, Bengaluru - 560038",560038,KARNATAKA,Bengaluru Urban,CAWFE8226E,services,29/07/2017,2020-11-22,Struck Off
U62453KA7-19PTC260057,Mehta Engineers,Llp,Ramesh Mehta,"No. 235, 2nd Extension, Rajajinagar, Bengaluru - 560098",560098,KARNATAKA,Bengaluru Urban,,construction,2007-07-19,2026-05-01,Active
U63578KA2017PTC993702,Singh Agency,Partnership,Vijay Singh,"No. 335, 4th Cross, Sarjapur Road, Bengaluru - 560038",560038,KARNATAKA,Bengaluru Urban,YDNFS4172D,technology,22/03/2017,07/06/2022,Dissolved
U72037KA2018PTC589770,Naidu Services,Partnership,Divya Naidu,"No. 356, 2nd Road, Mahadevapura, Bengaluru - 560022",560022,KARNATAKA,Bengaluru Rural,OCBAF4738Z,technology,23-12-2018,2025-11-04,Active
U11971KA2-20PTC138272,Menon Trading Co.,Public Ltd,Arun Menon,"No. 439, 2nd Main Road, Rajajinagar, Bengaluru - 560017",560017,KARNATAKA,Bengaluru Urban,YNUTR4565L,services,2009-02-20,03-10-2025,Active
U73356KA2013PTC415974,Naidu Constructions,Public Ltd,Divya Naidu,"No. 209, 1st Cross, Bommanahalli, Bengaluru - 560095",560095,KARNATAKA,Bengaluru Urban,SFJTU8641Z,services,01-10-2013,2024-05-16,Dormant under section 455
U50317KA2015PTC156253,Tiwari Works,Llp,Anita Tiwari,"No. 352, 5th Street, MG Road, Bengaluru - 560037",560037,KARNATAKA,Bengaluru Urban,NSWAI6819M,services,17/11/2015,10/10/2025,Active
U24478KA2010PTC258141,Gowda Industries,Pvt Ltd,,"No. 414, 1st Layout, Hebbal, Bengaluru - 560071",560071,KARNATAKA,Bengaluru Urban,NSYCJ6037C,technology,15-12-2010,24-06-2024,Dormant under section 455
U56698KA1-25PTC271575,Murthy Brothers,Public Ltd,Divya Murthy,"No. 128, 5th Avenue, Bellandur, Bengaluru - 560045",560045,KARNATAKA,Bengaluru Urban,,construction,2021-11-25,23/09/2026,Active
U46229KA2-18PTC939940,Shenoy Enterprises,Partnership,Sunita Shenoy,"No. 116, 4th Layout, Marathahalli, Bengaluru - 560094",560094,KARNATAKA,Bengaluru Rural,IJATF4041Q,trading,2004-12-18,,Active
U90276KA2011PTC617008,Pai & Sons,Llp,Anita Pai,"No. 406, 1st Main Road, Indiranagar, Bengaluru - 560010",560010,KARNATAKA,Bengaluru Urban,,manufacturing,11-02-2011,,Active
U10330KA2002PTC998812,Hegde Corporation,Llp,Divya Hegde,"No. 20, 3rd Main Road, JP Nagar, Bengaluru - 560011",560011,KARNATAKA,Bengaluru Urban,GTWTH6447D,technology,26/04/2002,08/01/2026,Active
U75594KA5-25PTC627108,Shenoy Brothers,Public Ltd,Pooja Shenoy,"No. 50, 1st Street, Indiranagar, Bengaluru - 560041",560041,KARNATAKA,Bengaluru Urban,YSGPF0072P,services,2005-05-25,2026-11-02,Active
U80364KA5-13PTC124326,Iyer Constructions,Llp,Ritu Iyer,"No. 323, 1st Layout, Yelahanka, Bengaluru - 560048",560048,KARNATAKA,Bengaluru Urban,FLCAT3792X,construction,2003-05-13,,Active
U23206KA2016PTC145867,Pillai Exports,Pvt Ltd,Rohan Pillai,"No. 88, 2nd Road, Indiranagar, Bengaluru - 560071",560071,KARNATAKA,Bengaluru Urban,OKPCF0550Z,manufacturing,22/07/2016,24-12-2026,Active
U46564KA2008PTC186257,Rao & Sons,Llp,Sohan Rao,"No. 310, 5th Main Road, Sarjapur Road, Bengaluru - 560085",560085,KARNATAKA,Bengaluru Rural,GDXFK9603X,manufacturing,21/02/2008,,Active
U16679KA6-28PTC426060,Rao Manufacturing,Llp,Lakshmi Rao,"No. 478, 3rd Avenue, Basavanagudi, Bengaluru - 560094",560094,KARNATAKA,Bengaluru Urban,JYCPT1431N,technology,2012-06-28,2025-05-11,Active
U75099KA2013PTC249188,Shenoy Constructions,Partnership,,"No. 43, 5th Street, JP Nagar, Bengaluru - 560030",560030,KARNATAKA,Bengaluru Rural,TJMHW9661U,trading,21/03/2013,19/07/2026,Active
U36559KA2001PTC271081,Bhat Trading Co.,Partnership,,"No. 484, 3rd Road, Koramangala, Bengaluru - 560043",560043,KARNATAKA,Bengaluru Rural,,technology,23-01-2001,03-05-2024,Dormant under section 455
U91644KA2003PTC733749,Shah Agency,Pvt Ltd,Anita Shah,"No. 185, 5th Avenue, Rajajinagar, Bengaluru - 560045",,KARNATAKA,Bengaluru Rural,,services,29/11/2003,2025-11-18,Active
U37506KA5-10PTC412280,Reddy Brothers,Public Ltd,Deepa Reddy,"No. 439, 5th Street, Banashankari, Bengaluru - 560052",560052,KARNATAKA,Bengaluru Urban,,services,2000-05-10,,Struck Off
U75061KA2019PTC883850,Rao & Sons,Pvt Ltd,,"No. 169, 1st Cross, JP Nagar, Bengaluru - 560025",560025,KARNATAKA,Bengaluru Rural,EKBHO6345O,manufacturing,17/04/2019,2025-08-05,Active
U23757KA2006PTC760960,Iyer Pvt Ltd,Public Ltd,Ramesh Iyer,"No. 176, 3rd Main Road, Banashankari, Bengaluru - 560008",560008,KARNATAKA,Bengaluru Urban,,manufacturing,27/06/2006,2023-11-21,Dormant under section 455
U99619KA2018PTC850034,Reddy Services,Llp,Arun Reddy,"No. 280, 2nd Extension, Varthur, Bengaluru - 560053",560053,KARNATAKA,Bengaluru Rural,,construction,28/07/2018,10/07/2026,Active
U86262KA2020PTC779492,Singh Solutions,Pvt Ltd,Mukesh Singh,"No. 316, 4th Road, MG Road, Bengaluru - 560092",560092,KARNATAKA,Bengaluru Rural,NTCCO4155M,manufacturing,23/10/2020,2022-03-21,Struck Off
U11235KA2007PTC759225,Kumar Technologies,Pvt Ltd,,"No. 308, 3rd Cross, Hoodi, Bengaluru - 560068",560068,KARNATAKA,Bengaluru Urban,YUNFV2874H,construction,08/02/2007,2026-12-29,Active
U31711KA6-01PTC840471,Patel Services,Public Ltd,,"No. 325, 4th Avenue, Malleshwaram, Bengaluru - 560050",560050,KARNATAKA,Bengaluru Urban,,services,2011-06-01,31-01-2025,Active
U78496KA2020PTC880850,Singh Brothers,Llp,,"No. 415, 4th Layout, Hoodi, Bengaluru - 560060",560060,KARNATAKA,Bengaluru Rural,ANDFD8010W,construction,05/01/2020,06/10/2025,Active
U39713KA2002PTC590679,Verma & Sons,Public Ltd,,"No. 415, 3rd Layout, Electronic City, Bengaluru - 560010",560010,KARNATAKA,Bengaluru Urban,QPLAL3601B,services,21/12/2002,06-08-2025,Active
U24557KA2003PTC917047,Pillai Trading Co.,Pvt Ltd,Rajesh Pillai,"No. 166, 4th Main Road, Indiranagar, Bengaluru - 560011",560011,KARNATAKA,Bengaluru Urban,,manufacturing,14/05/2003,20/09/2026,Active
U88082KA2000PTC894996,Bhat Works,Partnership,Rohan Bhat,"No. 375, 4th Main Road, Brookefield, Bengaluru - 560043",560043,KARNATAKA,Bengaluru Urban,HEDHD1878N,manufacturing,03-08-2000,2026-01-30,Active
U80185KA2001PTC307581,Mishra & Sons,Pvt Ltd,Pramod Mishra,"No. 104, 4th Main Road, Peenya, Bengaluru - 560079",560079,KARNATAKA,Bengaluru Urban,,services,13/04/2001,08/04/2024,Dormant under section 455
U23899KA2018PTC107312,Jain Services,Public Ltd,Ajay Jain,"No. 142, 5th Extension, Mahadevapura, Bengaluru - 560022",560022,KARNATAKA,Bengaluru Rural,,services,23/02/2018,14-08-2025,Active
U58016KA2021PTC922480,Bhat Exports,Pvt Ltd,Mohan Bhat,"No. 349, 1st Main Road, Malleshwaram, Bengaluru - 560018",560018,KARNATAKA,Bengaluru Urban,VRMCZ2672A,technology,03-04-2021,,Active
U43671KA2009PTC801633,Verma Constructions,Llp,Sohan Verma,"No. 130, 3rd Layout, Hebbal, Bengaluru - 560094",560094,KARNATAKA,Bengaluru Urban,CVOFH5110J,services,17-11-2009,01/01/2022,Under Liquidation
U34408KA2020PTC270151,Swamy Manufacturing,Partnership,Ritu Swamy,"No. 302, 4th Cross, JP Nagar, Bengaluru - 560045",560045,KARNATAKA,Bengaluru Rural,APSHL2093D,construction,01-12-2020,24-10-2025,Active
U88966KA2004PTC801381,Patil Brothers,Llp,Rajesh Patil,"No. 71, 3rd Cross, Marathahalli, Bengaluru - 560004",560004,KARNATAKA,Bengaluru Urban,OEMPZ2428D,construction,26/05/2004,2021-09-28,Dissolved
U71886KA2022PTC120890,Pandey & Co.,Public Ltd,Priya Pandey,"No. 227, 3rd Extension, Peenya, Bengaluru - 560011",560011,KARNATAKA,Bengaluru Rural,ORIAE6115J,services,22/12/2022,,Active
U25518KA2000PTC357853,Rao Associates,Pvt Ltd,Priya Rao,"No. 247, 3rd Avenue, KR Puram, Bengaluru - 560040",560040,KARNATAKA,Bengaluru Urban,WBVCM6475B,trading,15/04/2000,2025-07-25,Active
U21723KA2012PTC437488,Reddy Brothers,Partnership,,"No. 235, 3rd Road, Hoodi, Bengaluru - 560060",560060,KARNATAKA,Bengaluru Urban,SCKHE0450J,construction,26-06-2012,2026-02-08,Active
U60907KA4-04PTC176231,Jain Corporation,Partnership,,"No. 223, 5th Avenue, Electronic City, Bengaluru - 560102",560102,KARNATAKA,Bengaluru Urban,BTPPF3639S,trading,2022-04-04,07/08/2024,Dormant under section 455
U78508KA2022PTC904093,Rao Solutions,Public Ltd,Lakshmi Rao,"No. 308, 5th Cross, Jayanagar, Bengaluru - 560030",560030,KARNATAKA,Bengaluru Urban,NJXCZ0430C,technology,06/06/2022,28-02-2025,Active
U24746KA2010PTC750120,Shah Trading Co.,Public Ltd,Mohan Shah,"No. 413, 5th Extension, Koramangala, Bengaluru - 560064",560064,KARNATAKA,Bengaluru Urban,,construction,07-02-2010,05/05/2026,Active
U75980KA1-20PTC169162,Pandey & Sons,Public Ltd,Anita Pandey,"No. 219, 5th Main Road, Varthur, Bengaluru - 560055",,KARNATAKA,Bengaluru Urban,UWFPA7858V,technology,2002-01-20,2021-05-26,Dissolved
U19777KA2010PTC953590,Nair Works,Public Ltd,,"No. 366, 3rd Cross, Yelahanka, Bengaluru - 560030",560030,KARNATAKA,Bengaluru Rural,,services,05/05/2010,,Dormant under section 455
U59421KA9-17PTC599406,Gupta Traders,Public Ltd,Vijay Gupta,"No. 442, 4th Layout, MG Road, Bengaluru - 560064",560064,KARNATAKA,Bengaluru Rural,JVDCW4790B,trading,2009-09-17,29/09/2026,Active
U48115KA2019PTC523918,Pandey Agency,Partnership,Mohan Pandey,"No. 144, 3rd Road, MG Road, Bengaluru - 560011",560011,KARNATAKA,Bengaluru Urban,WUYPZ1376R,trading,28/11/2019,10/01/2025,Active
U40496KA6-07PTC424909,Jain Technologies,Public Ltd,Suresh Jain,"No. 404, 3rd Cross, Mahadevapura, Bengaluru - 560043",560043,KARNATAKA,Bengaluru Rural,JCLAC2338N,technology,2015-06-07,2026-08-20,Active
U75361KA3-26PTC541042,Gowda Traders,Llp,Krishna Gowda,"No. 267, 4th Cross, Peenya, Bengaluru - 560094",560094,KARNATAKA,Bengaluru Rural,RDTTC9995S,construction,2016-03-26,2026-06-02,Active
U65638KA9-03PTC997080,Verma Agency,Pvt Ltd,Manoj Verma,"No. 380, 4th Cross, Yelahanka, Bengaluru - 560085",560085,KARNATAKA,Bengaluru Rural,XJKAH7188S,construction,2019-09-03,26/08/2026,Active
U24570KA4-21PTC243461,Nair & Co.,Partnership,Nagaraj Nair,"No. 451, 5th Cross, KR Puram, Bengaluru - 560038",,KARNATAKA,Bengaluru Urban,YCHFB5858N,trading,2004-04-21,2026-06-05,Active
U27561KA2015PTC345587,Kamath Exports,Public Ltd,Divya Kamath,"No. 471, 1st Layout, Varthur, Bengaluru - 560098",560098,KARNATAKA,Bengaluru Rural,AXYAR7080G,services,16/01/2015,,Active
U44025KA7-14PTC262282,Jain Solutions,Llp,Kiran Jain,"No. 392, 3rd Layout, Brookefield, Bengaluru - 560010",560010,KARNATAKA,Bengaluru Rural,,technology,2010-07-14,2026-06-04,Active
U70536KA2004PTC268586,Kamath Services,Public Ltd,Priya Kamath,"No. 296, 4th Layout, Sarjapur Road, Bengaluru - 560037",560037,KARNATAKA,Bengaluru Rural,,trading,09/11/2004,26/01/2025,Active
U58471KA2022PTC909188,Tiwari Traders,Llp,Krishna Tiwari,"No. 430, 5th Avenue, Hoodi, Bengaluru - 560068",560068,KARNATAKA,Bengaluru Urban,ULMPU3160R,technology,02/06/2022,,Dissolved
U67873KA6-11PTC206688,Naidu Pvt Ltd,Pvt Ltd,,"No. 20, 4th Layout, Indiranagar, Bengaluru - 560058",560058,KARNATAKA,Bengaluru Urban,LMOTX0163Y,technology,2007-06-11,2026-12-03,Active
U60367KA2013PTC944637,Swamy Technologies,Llp,Krishna Swamy,"No. 160, 2nd Main Road, MG Road, Bengaluru - 560005",560005,KARNATAKA,Bengaluru Urban,UYJAI4237E,trading,18/09/2013,17/02/2026,Active
U73065KA2016PTC796862,Iyer Solutions,Llp,Vinod Iyer,"No. 92, 1st Avenue, Basavanagudi, Bengaluru - 560092",560092,KARNATAKA,Bengaluru Rural,MINAC8899I,services,11-03-2016,24/08/2026,Active
U79478KA2004PTC116720,Bhat Traders,Pvt Ltd,Sunil Bhat,"No. 243, 5th Avenue, Electronic City, Bengaluru - 560064",560064,KARNATAKA,Bengaluru Urban,IXXAA6024B,manufacturing,16-05-2004,,Active
U75962KA2003PTC987804,Patel Services,Public Ltd,Venkatesh Patel,"No. 137, 1st Main Road, Hoodi, Bengaluru - 560017",560017,KARNATAKA,Bengaluru Rural,,construction,11-11-2003,,Dissolved
U32643KA2015PTC448474,Prasad Technologies,Pvt Ltd,Seema Prasad,"No. 362, 3rd Main Road, JP Nagar, Bengaluru - 560004",560004,KARNATAKA,Bengaluru Rural,XECFS6010U,technology,25-08-2015,09-10-2026,Active
U69096KA2008PTC294968,Menon Manufacturing,Public Ltd,Sanjay Menon,"No. 248, 4th Cross, Malleshwaram, Bengaluru - 560078",560078,KARNATAKA,Bengaluru Urban,IXEFJ1574T,technology,25-11-2008,14-05-2023,Dormant under section 455
U42856KA4-12PTC242718,Singh Pvt Ltd,Partnership,,"No. 47, 2nd Main Road, Banashankari, Bengaluru - 560029",560029,KARNATAKA,Bengaluru Rural,IYZFZ7841A,construction,2014-04-12,01/12/2025,Active
U18860KA2-01PTC975387,Shah Mills,Pvt Ltd,Rajesh Shah,"No. 385, 4th Road, Mahadevapura, Bengaluru - 560079",560079,KARNATAKA,Bengaluru Urban,VSLHR0475H,manufacturing,2018-12-01,30-11-2026,Active
U72375KA2019PTC537852,Kamath Enterprises,Partnership,Lakshmi Kamath,"No. 206, 4th Avenue, Bellandur, Bengaluru - 560092",560092,KARNATAKA,Bengaluru Urban,,manufacturing,08-01-2019,2024-11-21,Dormant under section 455
U76053KA2010PTC976500,Reddy Technologies,Public Ltd,Priya Reddy,"No. 372, 1st Cross, Peenya, Bengaluru - 560050",,KARNATAKA,Bengaluru Rural,LHZTT2887Q,trading,07-12-2010,19-01-2024,Dormant under section 455
U77765KA2021PTC648736,Kumar & Co.,Llp,Anita Kumar,"No. 237, 5th Avenue, Marathahalli, Bengaluru - 560038",560038,KARNATAKA,Bengaluru Rural,MTLTW7266F,technology,02-05-2021,,Active
U58564KA2005PTC915184,Verma Industries,Llp,Varun Verma,"No. 190, 3rd Cross, Peenya, Bengaluru - 560102",,KARNATAKA,Bengaluru Rural,JLMTP2662B,services,27/11/2005,2025-05-07,Active
U28977KA2018PTC597303,Mishra Solutions,Llp,Neha Mishra,"No. 273, 4th Main Road, Bommanahalli, Bengaluru - 560066",560066,KARNATAKA,Bengaluru Rural,,manufacturing,03/10/2018,2026-10-14,Active
U68900KA2009PTC549906,Gowda Exports,Llp,Ajay Gowda,"No. 21, 3rd Layout, Brookefield, Bengaluru - 560100",560100,KARNATAKA,Bengaluru Rural,TRKAP8042W,services,04/06/2009,20-10-2026,Active
U52161KA8-03PTC531482,Jain Enterprises,Public Ltd,Kiran Jain,"No. 186, 3rd Cross, KR Puram, Bengaluru - 560048",560048,KARNATAKA,Bengaluru Urban,BXMCY2247W,services,2013-08-03,23/09/2025,Active
U54433KA2009PTC460984,Bhat Pvt Ltd,Partnership,Krishna Bhat,"No. 343, 1st Cross, MG Road, Bengaluru - 560050",560050,KARNATAKA,Bengaluru Urban,,technology,31/01/2009,13-02-2024,Dormant under section 455
U41619KA1-14PTC971548,Kamath Enterprises,Partnership,Sohan Kamath,"No. 308, 3rd Layout, Banashankari, Bengaluru - 560103",560103,KARNATAKA,Bengaluru Urban,MLMPR5520N,manufacturing,2021-11-14,06/06/2026,Active
U27070KA2011PTC577565,Pai Exports,Partnership,Neha Pai,"No. 53, 3rd Extension, Hebbal, Bengaluru - 560068",560068,KARNATAKA,Bengaluru Urban,METTJ0836F,trading,16/10/2011,13/09/2021,Dissolved
U29297KA2011PTC605566,Shah Manufacturing,Pvt Ltd,,"No. 473, 3rd Road, Yelahanka, Bengaluru - 560048",560048,KARNATAKA,Bengaluru Rural,PYYTM6942T,services,11-09-2011,26-10-2025,Active
U74237KA2014PTC546616,Kamath Brothers,Public Ltd,Pooja Kamath,"No. 498, 3rd Cross, Bellandur, Bengaluru - 560025",560025,KARNATAKA,Bengaluru Urban,,manufacturing,02-09-2014,12/08/2026,Active
U30658KA2006PTC746749,Kamath Agency,Llp,Sunita Kamath,"No. 38, 2nd Street, Malleshwaram, Bengaluru - 560092",560092,KARNATAKA,Bengaluru Rural,QTOAY1158S,trading,01/10/2006,30-10-2021,Dissolved
U85644KA2009PTC680343,Reddy Technologies,Llp,Raghav Reddy,"No. 168, 3rd Main Road, Koramangala, Bengaluru - 560047",560047,KARNATAKA,Bengaluru Urban,LRUAL8751E,manufacturing,10/05/2009,26/03/2026,Active
U11030KA2011PTC317401,Nair Exports,Pvt Ltd,Sanjay Nair,"No. 422, 2nd Layout, Banashankari, Bengaluru - 560079",560079,KARNATAKA,Bengaluru Urban,,construction,23-11-2011,27/01/2025,Active
U64160KA0-20PTC696261,Pillai Industries,Llp,Manoj Pillai,"No. 496, 4th Layout, Indiranagar, Bengaluru - 560005",,KARNATAKA,Bengaluru Rural,AMTCN0355F,construction,2008-10-20,2025-05-13,Active
U98946KA2008PTC516830,Gupta Technologies,Pvt Ltd,Neha Gupta,"No. 339, 2nd Extension, Basavanagudi, Bengaluru - 560055",560055,KARNATAKA,Bengaluru Urban,,construction,03-06-2008,10/04/2022,Struck Off
U69058KA2017PTC587119,Rao Associates,Partnership,Nagaraj Rao,"No. 401, 3rd Layout, Koramangala, Bengaluru - 560037",560037,KARNATAKA,Bengaluru Urban,ZLGHD7653F,technology,31-10-2017,2026-11-28,Active
U62436KA2014PTC303442,Murthy Works,Public Ltd,Deepa Murthy,"No. 53, 1st Street, Peenya, Bengaluru - 560030",560030,KARNATAKA,Bengaluru Rural,OPDTK8908I,trading,01/10/2014,15/09/2023,Dormant under section 455
U48168KA2001PTC711637,Pandey Trading Co.,Public Ltd,Priya Pandey,"No. 330, 1st Extension, ITPL Main Road, Bengaluru - 560076",560076,KARNATAKA,Bengaluru Urban,CCUCS4561Y,construction,02/09/2001,05-10-2024,Dormant under section 455
U59379KA2003PTC705628,Iyer Brothers,Llp,Ritu Iyer,"No. 142, 4th Avenue, HSR Layout, Bengaluru - 560047",560047,KARNATAKA,Bengaluru Urban,URAAF0909Z,services,27/12/2003,06-07-2026,Active
U68143KA2017PTC554275,Gupta Enterprises,Public Ltd,Lakshmi Gupta,"No. 113, 2nd Main Road, Varthur, Bengaluru - 560030",560030,KARNATAKA,Bengaluru Rural,,technology,04-12-2017,01-02-2026,Active
U14261KA2000PTC877448,Shetty Solutions,Partnership,Venkatesh Shetty,"No. 275, 3rd Road, Hebbal, Bengaluru - 560098",560098,KARNATAKA,Bengaluru Urban,GUJFN3993L,manufacturing,28-12-2000,2026-10-28,Active
U90711KA5-14PTC863916,Patil Technologies,Public Ltd,Ajay Patil,"No. 232, 3rd Extension, Bellandur, Bengaluru - 560029",560029,KARNATAKA,Bengaluru Rural,XMSPV3922X,trading,2005-05-14,27/06/2026,Active
U89260KA2004PTC335789,Tiwari Engineers,Llp,,"No. 357, 4th Main Road, JP Nagar, Bengaluru - 560053",560053,KARNATAKA,Bengaluru Rural,STGAY7116P,trading,20-03-2004,2026-09-13,Active
U21404KA2004PTC267840,Swamy Constructions,Pvt Ltd,Varun Swamy,"No. 447, 2nd Extension, Indiranagar, Bengaluru - 560047",560047,KARNATAKA,Bengaluru Rural,ZBJCA9503A,trading,31/10/2004,27-08-2024,Dormant under section 455
U49120KA2017PTC909924,Menon Brothers,Public Ltd,Sunita Menon,"No. 97, 4th Road, Hebbal, Bengaluru - 560034",560034,KARNATAKA,Bengaluru Rural,,technology,06-09-2017,17/10/2025,Active
U69318KA1-02PTC514326,Jain Trading Co.,Pvt Ltd,Nagaraj Jain,"No. 485, 1st Cross, BTM Layout, Bengaluru - 560003",560003,KARNATAKA,Bengaluru Urban,DTHTN4344K,technology,2002-01-02,2025-07-10,Active
U49809KA1-26PTC473185,Swamy Constructions,Llp,Neha Swamy,"No. 132, 4th Cross, Hoodi, Bengaluru - 560018",560018,KARNATAKA,Bengaluru Rural,GASPW7160D,construction,2004-11-26,2026-02-02,Active
U58973KA2012PTC124531,Sharma Technologies,Public Ltd,Pooja Sharma,"No. 180, 4th Main Road, Electronic City, Bengaluru - 560037",,KARNATAKA,Bengaluru Urban,CSBHT3747V,technology,28-11-2012,15/07/2026,Active
U64879KA6-29PTC884527,Gowda & Sons,Llp,Divya Gowda,"No. 322, 1st Extension, Brookefield, Bengaluru - 560030",560030,KARNATAKA,Bengaluru Urban,BRKAA6193E,trading,2021-06-29,2026-01-04,Active
U15845KA2016PTC672145,Pillai & Sons,Partnership,,"No. 107, 4th Layout, Basavanagudi, Bengaluru - 560085",560085,KARNATAKA,Bengaluru Rural,,technology,20/04/2016,23/02/2026,Active
U87990KA2005PTC148714,Murthy & Sons,Partnership,Nagaraj Murthy,"No. 483, 4th Road, Electronic City, Bengaluru - 560055",560055,KARNATAKA,Bengaluru Urban,QFDPR6387T,construction,09/11/2005,20-09-2026,Active
U41220KA2005PTC749798,Patel Brothers,Partnership,,"No. 244, 3rd Street, Yelahanka, Bengaluru - 560076",560076,KARNATAKA,Bengaluru Urban,TWRPC0983C,trading,31-01-2005,,Dissolved
U32721KA2000PTC264497,Verma Associates,Llp,Mukesh Verma,"No. 91, 2nd Extension, Koramangala, Bengaluru - 560048",560048,KARNATAKA,Bengaluru Rural,TDJHP1068O,technology,18-09-2000,,Struck Off
U42070KA2005PTC474887,Kamath Industries,Pvt Ltd,,"No. 67, 5th Road, Jayanagar, Bengaluru - 560071",560071,KARNATAKA,Bengaluru Urban,JGNAA4902J,construction,08/12/2005,2024-07-19,Dormant under section 455
U55095KA6-21PTC994966,Mishra Industries,Public Ltd,Sunita Mishra,"No. 122, 1st Avenue, ITPL Main Road, Bengaluru - 560073",560073,KARNATAKA,Bengaluru Urban,MGXTC8988A,manufacturing,2005-06-21,24-07-2023,Dormant under section 455
U47182KA6-01PTC444520,Prasad Works,Partnership,Rekha Prasad,"No. 375, 5th Avenue, Rajajinagar, Bengaluru - 560062",560062,KARNATAKA,Bengaluru Urban,,services,2014-06-01,13-10-2026,Active
U76098KA2021PTC952659,Shenoy Brothers,Pvt Ltd,Ramesh Shenoy,"No. 419, 4th Road, Brookefield, Bengaluru - 560079",560079,KARNATAKA,Bengaluru Rural,HKQCN2320V,construction,20/07/2021,16/05/2026,Active
U42191KA3-08PTC302111,Hegde Technologies,Llp,Vijay Hegde,"No. 448, 2nd Avenue, MG Road, Bengaluru - 560053",560053,KARNATAKA,Bengaluru Rural,OTFCB6483Z,manufacturing,2021-03-08,2025-07-22,Active
U65935KA2016PTC238687,Bhat Traders,Partnership,,"No. 266, 4th Avenue, HSR Layout, Bengaluru - 560017",560017,KARNATAKA,Bengaluru Urban,MEVAI2474F,trading,29-07-2016,2020-05-09,Under Liquidation
U94555KA6-22PTC341687,Shah Services,Llp,,"No. 324, 5th Main Road, ITPL Main Road, Bengaluru - 560043",560043,KARNATAKA,Bengaluru Urban,LKFFW2839P,manufacturing,2017-06-22,10-10-2023,Dormant under section 455
U31193KA2006PTC707951,Prasad Services,Llp,,"No. 32, 2nd Extension, Hoodi, Bengaluru - 560040",560040,KARNATAKA,Bengaluru Rural,DWBCH6384E,trading,15/08/2006,2026-07-23,Active
U88793KA1-12PTC744652,Mehta Constructions,Llp,,"No. 162, 4th Extension, Whitefield, Bengaluru - 560048",,KARNATAKA,Bengaluru Urban,,services,2002-11-12,15-04-2025,Active
U35963KA2014PTC178909,Tiwari Technologies,Public Ltd,Mukesh Tiwari,"No. 82, 1st Avenue, Yelahanka, Bengaluru - 560029",560029,KARNATAKA,Bengaluru Rural,ESCFL3474R,services,01/05/2014,12-10-2026,Active
U60322KA2006PTC291105,Kumar Manufacturing,Pvt Ltd,Arun Kumar,"No. 230, 1st Street, Varthur, Bengaluru - 560034",560034,KARNATAKA,Bengaluru Urban,BRAHN8495B,trading,15/07/2006,22/12/2023,Dormant under section 455
U54813KA8-02PTC752354,Pillai Engineers,Llp,Ritu Pillai,"No. 353, 1st Main Road, Banashankari, Bengaluru - 560102",560102,KARNATAKA,Bengaluru Rural,,services,2013-08-02,2025-04-09,Active
U40025KA2-27PTC204726,Deshmukh Services,Llp,Manoj Deshmukh,"No. 351, 2nd Extension, MG Road, Bengaluru - 560009",560009,KARNATAKA,Bengaluru Urban,GCGTU9472P,services,2013-02-27,08/09/2026,Active
U72056KA7-18PTC433973,Swamy Services,Public Ltd,Pramod Swamy,"No. 192, 5th Cross, Bommanahalli, Bengaluru - 560094",560094,KARNATAKA,Bengaluru Rural,SBCTL4529E,manufacturing,2000-07-18,30-09-2025,Active
U23485KA2016PTC248758,Patel Technologies,Partnership,Anita Patel,"No. 441, 1st Layout, Whitefield, Bengaluru - 560066",560066,KARNATAKA,Bengaluru Urban,NHVFH8814P,manufacturing,05/10/2016,19-08-2025,Active
U13466KA2006PTC104728,Kulkarni Industries,Public Ltd,Mukesh Kulkarni,"No. 75, 1st Cross, Brookefield, Bengaluru - 560098",560098,KARNATAKA,Bengaluru Rural,XMYAN6715J,construction,26/02/2006,10/12/2026,Active
U51340KA0-12PTC244104,Verma Exports,Llp,Arun Verma,"No. 347, 4th Cross, Peenya, Bengaluru - 560045",560045,KARNATAKA,Bengaluru Rural,ZNQPI6985H,services,2007-10-12,,Dormant under section 455
U40182KA2021PTC447985,Iyer Traders,Llp,Ganesh Iyer,"No. 495, 4th Avenue, Indiranagar, Bengaluru - 560037",560037,KARNATAKA,Bengaluru Rural,GPQFF8833W,manufacturing,16-12-2021,24/03/2026,Active
U23155KA3-11PTC710152,Reddy Engineers,Partnership,Ramesh Reddy,"No. 173, 5th Street, Indiranagar, Bengaluru - 560001",560001,KARNATAKA,Bengaluru Rural,IDDPB8252Z,services,2017-03-11,,Active
U73584KA2019PTC720001,Sharma Corporation,Llp,Seema Sharma,"No. 441, 5th Avenue, KR Puram, Bengaluru - 560055",560055,KARNATAKA,Bengaluru Rural,CTZFZ4082O,services,03-08-2019,22/01/2025,Active
U42941KA2004PTC237669,Tiwari Manufacturing,Llp,Mohan Tiwari,"No. 461, 2nd Layout, Rajajinagar, Bengaluru - 560098",560098,KARNATAKA,Bengaluru Rural,NKLCL1086F,construction,05/01/2004,23/08/2025,Active
U92350KA2021PTC936653,Singh Traders,Public Ltd,Ramesh Singh,"No. 269, 3rd Layout, Koramangala, Bengaluru - 560037",560037,KARNATAKA,Bengaluru Urban,JZMCH8658B,trading,03/02/2021,,Dissolved
U10973KA2006PTC417205,Iyer Mills,Llp,Manoj Iyer,"No. 440, 4th Main Road, Peenya, Bengaluru - 560018",560018,KARNATAKA,Bengaluru Urban,,services,08/08/2006,13-10-2020,Struck Off
U85311KA1-17PTC307905,Patil Mills,Llp,Mahesh Patil,"No. 281, 5th Extension, Brookefield, Bengaluru - 560094",560094,KARNATAKA,Bengaluru Urban,AFNPO4746J,trading,2009-11-17,2025-01-13,Active
U66360KA2012PTC471500,Pillai Agency,Partnership,,"No. 59, 1st Street, Hebbal, Bengaluru - 560095",560095,KARNATAKA,Bengaluru Rural,FOKCN5290C,technology,06-07-2012,2023-09-09,Dormant under section 455
U81159KA5-21PTC797840,Pillai Corporation,Llp,Sunil Pillai,"No. 358, 5th Extension, Indiranagar, Bengaluru - 560017",560017,KARNATAKA,Bengaluru Rural,,construction,2019-05-21,01/02/2025,Active
U75989KA2-04PTC923771,Pandey Industries,Public Ltd,Priya Pandey,"No. 408, 1st Main Road, Koramangala, Bengaluru - 560008",560008,KARNATAKA,Bengaluru Rural,YDGHM5482T,trading,2003-12-04,14/11/2025,Active
U32517KA2013PTC912476,Patel Traders,Public Ltd,Deepa Patel,"No. 237, 5th Avenue, Koramangala, Bengaluru - 560011",560011,KARNATAKA,Bengaluru Rural,CZCPT0978P,trading,29/09/2013,,Dormant under section 455
U12357KA2007PTC875585,Deshmukh Technologies,Pvt Ltd,Sunita Deshmukh,"No. 145, 3rd Street, Koramangala, Bengaluru - 560100",560100,KARNATAKA,Bengaluru Rural,,manufacturing,08/01/2007,2025-03-09,Active
U57502KA2015PTC419966,Patil Associates,Pvt Ltd,Rekha Patil,"No. 85, 3rd Layout, ITPL Main Road, Bengaluru - 560001",560001,KARNATAKA,Bengaluru Urban,AWGCP4978O,manufacturing,21-05-2015,2025-01-03,Active
U20505KA2020PTC923903,Reddy Agency,Partnership,Deepa Reddy,"No. 234, 1st Cross, Brookefield, Bengaluru - 560070",560070,KARNATAKA,Bengaluru Rural,,technology,25/02/2020,2026-10-30,Active
U11130KA2003PTC891655,Kulkarni Enterprises,Llp,,"No. 393, 3rd Avenue, ITPL Main Road, Bengaluru - 560100",560100,KARNATAKA,Bengaluru Urban,VRPHI0228H,manufacturing,29/07/2003,2026-05-07,Active
U63180KA2017PTC276163,Verma Enterprises,Llp,Pooja Verma,"No. 388, 4th Road, ITPL Main Road, Bengaluru - 560050",560050,KARNATAKA,Bengaluru Rural,YSXAZ9791K,technology,16/05/2017,2025-07-23,Active
U87199KA1-10PTC897420,Naidu Engineers,Pvt Ltd,Anita Naidu,"No. 284, 5th Street, Hebbal, Bengaluru - 560062",560062,KARNATAKA,Bengaluru Rural,,services,2017-01-10,2026-02-26,Active
U31302KA2004PTC357618,Rao Manufacturing,Pvt Ltd,Pooja Rao,"No. 94, 5th Main Road, Indiranagar, Bengaluru - 560043",560043,KARNATAKA,Bengaluru Urban,ZJMTJ4021C,technology,03/07/2004,11/02/2023,Dormant under section 455
U11762KA2004PTC734896,Gupta Agency,Llp,Arun Gupta,"No. 106, 4th Cross, Whitefield, Bengaluru - 560085",560085,KARNATAKA,Bengaluru Urban,,services,14/12/2004,2025-10-14,Active
U27613KA2021PTC529821,Kumar Associates,Llp,Manoj Kumar,"No. 1, 4th Main Road, Malleshwaram, Bengaluru - 560073",560073,KARNATAKA,Bengaluru Urban,XGGTR8599U,manufacturing,01-03-2021,08/09/2025,Active
U86115KA1-15PTC478857,Kulkarni Associates,Partnership,Priya Kulkarni,"No. 299, 2nd Extension, Peenya, Bengaluru - 560008",560008,KARNATAKA,Bengaluru Rural,UNQCB4217X,services,2007-01-15,2023-07-03,Dormant under section 455
U12459KA2009PTC852014,Patel Pvt Ltd,Partnership,Krishna Patel,"No. 88, 3rd Road, MG Road, Bengaluru - 560050",,KARNATAKA,Bengaluru Urban,VFHPV4607X,construction,02/09/2009,,Active
U42192KA2004PTC488744,Pillai Constructions,Public Ltd,Divya Pillai,"No. 203, 5th Street, Hebbal, Bengaluru - 560071",560071,KARNATAKA,Bengaluru Urban,,trading,12/03/2004,2026-07-17,Active
U85031KA2015PTC441379,Kamath Exprots,Public Ltd,Divya Kamath,"Number 471, 1st Layout, Varthur, Bengaluru - 560098",560098,KARNATAKA,Bengaluru Rural,AXYAR7080G,services,16/01/2015,,Active
U24591KA5-29PTC315572,Reddy Pv tLtd,Pvt Ltd,Neha Reddy,"No. 301, 2nd Avenue, BTM Layout, Bangalore - 560002",560002,KARNATAKA,Bengaluru Rural,ZZXPH2884B,technology,2002-05-29,,Active
U22209KA2017PTC556416,Jain Corporaiton,Pvt Ltd,N. Jain,"Number 396, 3rd Main Road, Mahadevapura, Bengaluru - 560073",560073,KARNATAKA,Bengaluru Rural,APSPH7422Y,manufacturing,04-02-2017,03/03/2026,Active
U33419KA3-11PTC586457,REDDY ENGINEERS,Partnership,R. Reddy,"No. 173, 5th St, Indiranagar, Bengaluru - 560001",560001,KARNATAKA,Bengaluru Rural,IDDPB8252Z,services,2017-03-11,2025-01-18,Active
U42900KA2012PTC733764,Shenoy Works,Partnership,"Shenoy, Rekha","No. 363, 3rd Main Road, HSR Layout, Bengaluru 560079",560079,KARNATAKA,Bengaluru Urban,,manufacturing,19/08/2012,12/11/2023,Dormant under section 455
U23118KA2-18PTC636448,Shenoy Enterprises,Partnership,S. Shenoy,"# 116, 4th Layout, Marathahalli, Bengaluru - 560094",,KARNATAKA,Bengaluru Rural,,trading,2004-12-18,17/05/2025,Active
U33953KA4-05PTC143176,Kumaar Engineers,Llp,"Kumar, Kiran","No. 4, 1st Streetreet, HSR Layout, Bengaluru - 560076",560076,KARNATAKA,Bengaluru Urban,ZYTTG7363Q,services,2018-04-05,06/11/2026,Active
U38707KA2001PTC381719,NAIDU & CO.,Public Ltd,R. Naidu,"No. 217, 1st Cross, Brookefield, Bengaluru - 560094",560094,KARNATAKA,Bengaluru Rural,RMCPC4731B,construction,06-03-2001,2021-07-01,Struck Off
U31693KA2002PTC476371,VERMA & SONS,Public Ltd,Sureshh Verma,"# 415, 3rd Layout, Electronic City, Bengaluru - 560010",560010,KARNATAKA,Bengaluru Urban,QPLAL3601B,services,21/12/2002,06-08-2025,Active
U46814KA3-20PTC821645,PANDEY WORKS,Public Ltd,Rajeshh Pandey,"No. 386, 4th Avenue, Rajajinagar, Bengaluru 560047",560047,KARNATAKA,Bengaluru Rural,DGSTG0454G,construction,2001-03-20,19/05/2025,Active
U54420KA2003PTC338169,Iye rBrothers,Llp,Ritu Iyer,"No. 142, 4th Avenue, HSR Layout, Bengaluru - 560047",560047,KARNATAKA,Bengaluru Urban,URAAF0909Z,services,27/12/2003,06-07-2026,Active
U46507KA2005PTC345844,Shetti Services,Llp,Sureesh Shetty,"No. 87, 1st Cross, Peenya, Bengaluru - 560076",560076,KARNATAKA,Bengaluru Urban,,construction,17-07-2005,2026-12-20,Active
U44321KA4-21PTC804602,Nair and Company,Partnership,"Nair, Nagaraj","Number 451, 5th Cross, KR Puram, Bengaluru - 560038",560038,KARNATAKA,Bengaluru Urban,YCHFB5858N,trading,2004-04-21,2026-06-05,Active
U78491KA4-12PTC374647,Singh Pvt. Ltd.,Partnership,M. Singh,"No. 47, 2nd Main Road, Banashankari, Bangalore - 560029",560029,KARNATAKA,Bengaluru Rural,IYZFZ7841A,construction,2014-04-12,01/12/2025,Active
U64276KA4-25PTC990324,TIWARI ENTERPRISES,Pvt Ltd,S. Tiwari,"# 233, 3rd Street, Indiranagar, Bengaluru - 560070",560070,KARNATAKA,Bengaluru Rural,TICPE7266M,construction,2018-04-25,08/02/2025,Active
U21420KA8-13PTC644700,Swamy & Co.,Llp,"Swamy, Lakshmi","Number 276, 1st Avenue, JP Nagar, Bengaluru - 560103",560103,KARNATAKA,Bengaluru Urban,YQZTO2632T,manufacturing,2016-08-13,,Active
U31880KA2001PTC704886,Bhat Trading Company,Partnership,Rameshh Bhat,"Number 484, 3rd Road, Koramangala, Bengaluru - 560043",,KARNATAKA,Bengaluru Rural,GECCT0912B,technology,23-01-2001,03-05-2024,Dormant under section 455
U12678KA2000PTC404145,RAO PVT LTD,Pvt Ltd,"Rao, Varun","No. 210,3rd Avenue,Yelahanka,Bengaluru - 560038",560038,KARNATAKA,Bengaluru Urban,NVYAI4057K,trading,11-12-2000,12-03-2020,Dissolved
U68223KA2014PTC379979,Shetty Corporation,Llp,"Shetty, Sunita","No. 425, 2nd Avenue, Malleshwaram, Bangalore - 560098",560098,KARNATAKA,Bengaluru Rural,JHOFW2595V,construction,06-09-2014,,Active
U12916KA2000PTC957130,Hegde Brohters,Pvt Ltd,"Hegde, Seema","No. 340,4th Main Road,Varthur,Bengaluru - 560092",560092,KARNATAKA,Bengaluru Urban,KIPTU3353I,technology,25/10/2000,,Active
U72308KA2013PTC702549,Swami Technologies,Llp,Krishhna Swamy,"No. 160, 2nd Main Rd, MG Road, Bengaluru - 560005",560005,KARNATAKA,Bengaluru Urban,UYJAI4237E,trading,18/09/2013,17/02/2026,Active
U53186KA2022PTC809102,Pandey & oC.,Public Ltd,Priya Pandey,"Number 227, 3rd Extension, Peenya, Bengaluru - 560011",560011,KARNATAKA,Bengaluru Rural,ORIAE6115J,services,22/12/2022,11-07-2026,Active
U77506KA2-30PTC827291,Jain Traders,Partnership,K. Jain,"Number 14, 2nd Main Road, Indiranagar, Bengaluru - 560025",560025,KARNATAKA,Bengaluru Rural,SSSFV2205P,trading,2019-12-30,22/04/2026,Active
U52290KA2016PTC989360,Pillai Exports,Pvt Ltd,,"No. 88,2nd Road,Indiranagar,Bengaluru - 560071",560071,KARNATAKA,Bengaluru Urban,OKPCF0550Z,manufacturing,22/07/2016,,Active
U94923KA7-02PTC998050,Tiwar iManufacturing,Llp,Seema Tiwari,"No. 121,3rd Main Road,Brookefield,Bengaluru - 560008",560008,KARNATAKA,Bengaluru Urban,RYRTH2367Z,trading,2004-07-02,2024-06-02,Dormant under section 455
U36992KA2012PTC295893,Swamy Soultions,Public Ltd,A. Swamy,"No. 319, 3rd Road, MG Road, Bengaluru - 560025",560025,KARNATAKA,Bengaluru Rural,JTXAV8117B,services,22-06-2012,2025-08-01,Active
