udyam_number,enterprise_name,applicant_name,premises_address,pin,state,district,mobile,email_address,nic_code,activity,established_date,last_activity_date,entity_status
UDYAM-KA-16-9509041,Verma Associates,Mukesh Verma,"No. 91, 2nd Extension, Koramangala, Bengaluru - 560048",560048,KARNATAKA,Bengaluru Rural,6919916277,mukesh.verma@rediffmail.com,95492,technology,18-09-2000,2022-05-05,Inactive
UDYAM-KA-19-1677408,Patel Constructions,Varun Patel,"No. 68, 3rd Road, Marathahalli, Bengaluru - 560066",560066,KARNATAKA,Bengaluru Urban,7245398565,,11437,services,2005-03-06,09/06/2023,Inactive
UDYAM-KA-23-2538925,Rao Manufacturing,Lakshmi Rao,"No. 478, 3rd Avenue, Basavanagudi, Bengaluru - 560094",560094,Karnataka,Bengaluru Urban,9897114798,,82596,technology,2012-06-28,2025-05-11,Active
UDYAM-KA-30-4164756,Gupta & Sons,Pooja Gupta,"No. 413, 2nd Main Road, Yelahanka, Bengaluru - 560040",560040,KARNATAKA,Bengaluru Rural,,pooja.gupta@yahoo.co.in,81735,services,17-06-2014,27-12-2025,Active
UDYAM-KA-22-1031521,Patel Services,Venkatesh Patel,"No. 137, 1st Main Road, Hoodi, Bengaluru - 560017",560017,KARNATAKA,Bengaluru Rural,9215178023,venkatesh.patel@rediffmail.com,14764,construction,11-11-2003,2020-06-29,Inactive
UDYAM-KA-12-6749445,Kumar Associates,Manoj Kumar,"No. 1, 4th Main Road, Malleshwaram, Bengaluru - 560073",560073,KARNATAKA,Bengaluru Urban,,manoj.kumar@rediffmail.com,41743,manufacturing,01-03-2021,08/09/2025,Active
UDYAM-KA-16-0900550,Patel Works,Arun Patel,"No. 445, 4th Extension, Indiranagar, Bengaluru - 560066",560066,KARNATAKA,Bengaluru Rural,,arun.patel@yahoo.co.in,83441,manufacturing,02-12-2014,03-10-2021,Inactive
UDYAM-KA-05-4871763,Naidu & Co.,Sohan Naidu,"No. 255, 1st Road, Mahadevapura, Bengaluru - 560092",560092,Karnataka,Bengaluru Rural,8765859272,sohan.naidu@yahoo.co.in,72363,manufacturing,2017-09-15,,Inactive
UDYAM-KA-06-5334948,Bhat Works,Rohan Bhat,"No. 375, 4th Main Road, Brookefield, Bengaluru - 560043",560043,Karnataka,Bengaluru Urban,,rohan.bhat@outlook.com,50970,manufacturing,03-08-2000,2026-01-30,Active
UDYAM-KA-01-0869560,Pai Exports,Neha Pai,"No. 53, 3rd Extension, Hebbal, Bengaluru - 560068",560068,KARNATAKA,Bengaluru Urban,8313116354,,54163,trading,16/10/2011,,Inactive
UDYAM-KA-03-9656945,Mishra Brothers,Vijay Mishra,"No. 310, 2nd Street, Jayanagar, Bengaluru - 560073",560073,Karnataka,Bengaluru Rural,,vijay.mishra@outlook.com,89862,technology,13/04/2005,21/12/2024,Inactive
UDYAM-KA-20-1190892,Murthy & Sons,Nagaraj Murthy,"No. 483, 4th Road, Electronic City, Bengaluru - 560055",560055,KARNATAKA,Bengaluru Urban,,,34405,construction,09/11/2005,20-09-2026,Active
UDYAM-KA-10-4597792,Kamath Services,Priya Kamath,"No. 296, 4th Layout, Sarjapur Road, Bengaluru - 560037",560037,KARNATAKA,Bengaluru Rural,6095495204,priya.kamath@outlook.com,46663,trading,09/11/2004,26/01/2025,Active
UDYAM-KA-25-4545512,Shah Trading Co.,Mohan Shah,"No. 413, 5th Extension, Koramangala, Bengaluru - 560064",560064,Karnataka,Bengaluru Urban,7995605920,mohan.shah@gmail.com,26893,construction,07-02-2010,,Active
UDYAM-KA-30-3706008,Rao Works,Sunita Rao,"No. 40, 2nd Cross, Hoodi, Bengaluru - 560045",560045,KARNATAKA,Bengaluru Rural,8698673026,sunita.rao@rediffmail.com,70523,trading,2000-01-21,2026-03-06,Active
UDYAM-KA-19-1634874,Reddy Services,Arun Reddy,"No. 280, 2nd Extension, Varthur, Bengaluru - 560053",560053,KARNATAKA,Bengaluru Rural,8399508085,arun.reddy@gmail.com,98670,construction,28/07/2018,10/07/2026,Active
UDYAM-KA-29-4072544,Murthy & Sons,Kavita Murthy,"No. 155, 3rd Layout, Marathahalli, Bengaluru - 560011",560011,Karnataka,Bengaluru Urban,9122739746,kavita.murthy@outlook.com,31984,manufacturing,2013-08-31,11-11-2021,Inactive
UDYAM-KA-12-1316291,Jain Solutions,Kiran Jain,"No. 392, 3rd Layout, Brookefield, Bengaluru - 560010",560010,KARNATAKA,Bengaluru Rural,7241963318,,19671,technology,2010-07-14,2026-06-04,Active
UDYAM-KA-17-0024422,Menon Exports,Lakshmi Menon,"No. 246, 1st Road, Bommanahalli, Bengaluru - 560053",560053,KARNATAKA,Bengaluru Rural,,lakshmi.menon@rediffmail.com,22428,construction,27/09/2021,25/10/2022,Inactive
UDYAM-KA-14-5058906,Shenoy Solutions,Raghav Shenoy,"No. 129, 1st Extension, Electronic City, Bengaluru - 560073",560073,Karnataka,Bengaluru Rural,6696368384,,56354,manufacturing,19/02/2020,27-08-2025,Active
UDYAM-KA-04-6683568,Kumar Exports,Mahesh Kumar,"No. 73, 3rd Layout, Rajajinagar, Bengaluru - 560010",,KARNATAKA,Bengaluru Urban,9976094002,,11701,trading,2021-07-08,,Inactive
UDYAM-KA-01-2297631,Jain Brothers,Lakshmi Jain,"No. 472, 2nd Road, Malleshwaram, Bengaluru - 560053",560053,Karnataka,Bengaluru Urban,8587569877,lakshmi.jain@gmail.com,25652,construction,2003-06-05,18/01/2023,Inactive
UDYAM-KA-01-4171564,Iyer Services,Divya Iyer,"No. 410, 5th Avenue, Bellandur, Bengaluru - 560022",560022,KARNATAKA,Bengaluru Urban,6606215936,,79124,manufacturing,2003-02-17,07/04/2026,Active
UDYAM-KA-19-6419281,Kulkarni Manufacturing,Sunita Kulkarni,"No. 1, 5th Avenue, MG Road, Bengaluru - 560041",560041,Karnataka,Bengaluru Urban,7256472775,sunita.kulkarni@gmail.com,40626,technology,16/06/2008,14/06/2022,Inactive
UDYAM-KA-27-9126607,Iyer Constructions,Ritu Iyer,"No. 323, 1st Layout, Yelahanka, Bengaluru - 560048",560048,KARNATAKA,Bengaluru Urban,6495056105,ritu.iyer@yahoo.co.in,12775,construction,2003-05-13,06/06/2026,Active
UDYAM-KA-18-0208836,Shah Constructions,Sanjay Shah,"No. 102, 5th Extension, Whitefield, Bengaluru - 560103",560103,KARNATAKA,Bengaluru Rural,9013446536,,58389,construction,03-06-2013,06-06-2026,Active
UDYAM-KA-25-6708807,Pai & Sons,Anita Pai,"No. 406, 1st Main Road, Indiranagar, Bengaluru - 560010",560010,Karnataka,Bengaluru Urban,7572639742,,63235,manufacturing,11-02-2011,,Active
UDYAM-KA-30-3185549,Murthy Constructions,Nagaraj Murthy,"No. 166, 4th Road, Mahadevapura, Bengaluru - 560001",560001,KARNATAKA,Bengaluru Urban,7883089040,,74154,services,29/05/2007,14/09/2026,Active
UDYAM-KA-27-7247801,Rao Solutions,Lakshmi Rao,"No. 308, 5th Cross, Jayanagar, Bengaluru - 560030",560030,KARNATAKA,Bengaluru Urban,8828338125,lakshmi.rao@yahoo.co.in,15710,technology,06/06/2022,,Active
UDYAM-KA-05-1539468,Swamy Engineers,Varun Swamy,"No. 41, 4th Street, Peenya, Bengaluru - 560034",560034,KARNATAKA,Bengaluru Rural,7114635928,varun.swamy@outlook.com,79959,manufacturing,11/11/2017,28/03/2026,Active
UDYAM-KA-23-4733650,Sharma & Co.,Varun Sharma,"No. 152, 2nd Street, Basavanagudi, Bengaluru - 560011",560011,Karnataka,Bengaluru Urban,,varun.sharma@outlook.com,28930,services,29-10-2020,2026-10-05,Active
UDYAM-KA-16-2837378,Bhat Pvt Ltd,Krishna Bhat,"No. 343, 1st Cross, MG Road, Bengaluru - 560050",560050,KARNATAKA,Bengaluru Urban,7216711456,,16451,technology,31/01/2009,,Inactive
UDYAM-KA-29-9167191,Shetty & Sons,Manoj Shetty,"No. 13, 2nd Layout, Yelahanka, Bengaluru - 560043",560043,Karnataka,Bengaluru Urban,,manoj.shetty@gmail.com,61133,technology,14-12-2022,14-02-2022,Inactive
UDYAM-KA-15-2666441,Kamath Mills,Ajay Kamath,"No. 349, 1st Main Road, Indiranagar, Bengaluru - 560085",560085,KARNATAKA,Bengaluru Rural,6518531876,,10587,manufacturing,2002-03-24,2021-03-14,Inactive
UDYAM-KA-17-9171297,Singh Manufacturing,Kiran Singh,"No. 37, 3rd Road, Indiranagar, Bengaluru - 560009",560009,KARNATAKA,Bengaluru Urban,7133862799,kiran.singh@rediffmail.com,17984,manufacturing,22/08/2012,18/02/2024,Inactive
UDYAM-KA-29-2308321,Menon Manufacturing,Sanjay Menon,"No. 248, 4th Cross, Malleshwaram, Bengaluru - 560078",560078,KARNATAKA,Bengaluru Urban,,sanjay.menon@rediffmail.com,47499,technology,25-11-2008,14-05-2023,Inactive
UDYAM-KA-04-1449323,Shetty & Sons,Rekha Shetty,"No. 95, 3rd Cross, Varthur, Bengaluru - 560010",560010,KARNATAKA,Bengaluru Rural,9692497310,rekha.shetty@gmail.com,63997,construction,2014-12-03,2025-09-29,Active
UDYAM-KA-28-5428920,Gowda Enterprises,Sunita Gowda,"No. 470, 2nd Avenue, Varthur, Bengaluru - 560076",560076,KARNATAKA,Bengaluru Urban,,,41434,trading,2016-01-03,29/06/2023,Inactive
UDYAM-KA-28-2030967,Reddy Brothers,Raghav Reddy,"No. 190, 1st Extension, Bellandur, Bengaluru - 560055",560055,KARNATAKA,Bengaluru Rural,9881968747,raghav.reddy@rediffmail.com,27867,technology,08/09/2021,30/08/2026,Active
UDYAM-KA-05-5562704,Bhat Agency,Pramod Bhat,"No. 157, 4th Extension, Brookefield, Bengaluru - 560047",560047,KARNATAKA,Bengaluru Urban,,,81559,technology,04-03-2018,,Active
UDYAM-KA-30-6513949,Tiwari Technologies,Mukesh Tiwari,"No. 82, 1st Avenue, Yelahanka, Bengaluru - 560029",560029,Karnataka,Bengaluru Rural,8265082022,,40142,services,01/05/2014,12-10-2026,Active
UDYAM-KA-08-7280854,Shah Mills,Rajesh Shah,"No. 385, 4th Road, Mahadevapura, Bengaluru - 560079",560079,KARNATAKA,Bengaluru Urban,,rajesh.shah@outlook.com,92189,manufacturing,2018-12-01,30-11-2026,Active
UDYAM-KA-26-4590829,Kulkarni Enterprises,Venkatesh Kulkarni,"No. 393, 3rd Avenue, ITPL Main Road, Bengaluru - 560100",560100,KARNATAKA,Bengaluru Urban,6926212953,venkatesh.kulkarni@yahoo.co.in,11980,manufacturing,29/07/2003,,Active
UDYAM-KA-15-7586262,Hegde Technologies,Vijay Hegde,"No. 448, 2nd Avenue, MG Road, Bengaluru - 560053",,Karnataka,Bengaluru Rural,,vijay.hegde@gmail.com,40754,manufacturing,2021-03-08,,Active
UDYAM-KA-16-1115691,Swamy Constructions,Neha Swamy,"No. 132, 4th Cross, Hoodi, Bengaluru - 560018",560018,Karnataka,Bengaluru Rural,7827382082,,35885,construction,2004-11-26,2026-02-02,Active
UDYAM-KA-18-4510086,Kulkarni Services,Ganesh Kulkarni,"No. 149, 1st Street, Whitefield, Bengaluru - 560022",560022,KARNATAKA,Bengaluru Rural,6261005112,,24688,manufacturing,2004-01-17,11/08/2025,Active
UDYAM-KA-18-4859884,Agarwal Works,Mohan Agarwal,"No. 153, 4th Road, JP Nagar, Bengaluru - 560095",560095,KARNATAKA,Bengaluru Urban,,mohan.agarwal@yahoo.co.in,65144,trading,05/10/2004,,Active
UDYAM-KA-07-5160032,Patel Brothers,Neha Patel,"No. 244, 3rd Street, Yelahanka, Bengaluru - 560076",560076,KARNATAKA,Bengaluru Urban,7381811945,,47777,trading,31-01-2005,2022-06-30,Inactive
UDYAM-KA-03-9113249,Bhat Pvt Ltd,Arun Bhat,"No. 425, 1st Road, JP Nagar, Bengaluru - 560037",560037,KARNATAKA,Bengaluru Urban,6747047594,,50392,trading,22-11-2001,2022-12-02,Inactive
UDYAM-KA-25-0234618,Nair Services,Deepa Nair,"No. 276, 1st Street, Brookefield, Bengaluru - 560018",560018,Karnataka,Bengaluru Urban,8984616189,,75192,services,17/03/2010,,Active
UDYAM-KA-01-9413022,Sharma Constructions,Mohan Sharma,"No. 272, 1st Extension, Indiranagar, Bengaluru - 560025",560025,KARNATAKA,Bengaluru Rural,8462011894,mohan.sharma@yahoo.co.in,77316,manufacturing,02/05/2016,15/09/2025,Active
UDYAM-KA-21-7029810,Tiwari Engineers,Arun Tiwari,"No. 37, 2nd Cross, Basavanagudi, Bengaluru - 560034",560034,Karnataka,Bengaluru Urban,6179146701,arun.tiwari@rediffmail.com,30987,technology,2021-02-17,,Inactive
UDYAM-KA-26-6224258,Verma Industries,Varun Verma,"No. 190, 3rd Cross, Peenya, Bengaluru - 560102",560102,KARNATAKA,Bengaluru Rural,6606134909,,62489,services,27/11/2005,,Active
UDYAM-KA-26-6851628,Shah & Co.,Mohan Shah,"No. 404, 1st Layout, Electronic City, Bengaluru - 560038",560038,KARNATAKA,Bengaluru Urban,,mohan.shah@gmail.com,13558,trading,07/11/2022,,Inactive
UDYAM-KA-15-2588110,Shenoy Pvt Ltd,Raghav Shenoy,"No. 269, 1st Avenue, Jayanagar, Bengaluru - 560092",560092,KARNATAKA,Bengaluru Urban,9748270536,,55918,construction,18-04-2000,2025-01-13,Active
UDYAM-KA-28-4935600,Gowda Brothers,Ramesh Gowda,"No. 287, 3rd Road, Varthur, Bengaluru - 560001",560001,KARNATAKA,Bengaluru Rural,,ramesh.gowda@yahoo.co.in,97104,technology,28/02/2016,,Active
UDYAM-KA-26-6177976,Swamy & Co.,Vinod Swamy,"No. 263, 3rd Layout, Jayanagar, Bengaluru - 560008",560008,KARNATAKA,Bengaluru Urban,8956040839,,22423,services,09/03/2019,2026-07-19,Active
UDYAM-KA-25-8834134,Rao Mills,Ajay Rao,"No. 81, 3rd Cross, Jayanagar, Bengaluru - 560064",560064,KARNATAKA,Bengaluru Urban,,,42409,manufacturing,18-08-2022,,Inactive
UDYAM-KA-08-9910816,Kulkarni Industries,Mukesh Kulkarni,"No. 75, 1st Cross, Brookefield, Bengaluru - 560098",560098,KARNATAKA,Bengaluru Rural,6269386984,mukesh.kulkarni@outlook.com,43849,construction,26/02/2006,10/12/2026,Active
UDYAM-KA-18-3751809,Pillai Corporation,Sunil Pillai,"No. 358, 5th Extension, Indiranagar, Bengaluru - 560017",560017,KARNATAKA,Bengaluru Rural,6743014903,sunil.pillai@gmail.com,69697,construction,2019-05-21,,Active
UDYAM-KA-24-7721463,Tiwari Works,Anita Tiwari,"No. 352, 5th Street, MG Road, Bengaluru - 560037",560037,KARNATAKA,Bengaluru Urban,,anita.tiwari@outlook.com,77752,services,17/11/2015,10/10/2025,Active
UDYAM-KA-25-9658482,Pandey Works,Rajesh Pandey,"No. 386, 4th Avenue, Rajajinagar, Bengaluru - 560047",560047,KARNATAKA,Bengaluru Rural,8424367789,rajesh.pandey@gmail.com,61694,construction,2001-03-20,,Active
UDYAM-KA-11-6515319,Mehta Industries,Manoj Mehta,"No. 461, 4th Cross, HSR Layout, Bengaluru - 560050",560050,KARNATAKA,Bengaluru Urban,,,87606,services,16-05-2002,03-05-2026,Active
UDYAM-KA-22-9387963,Kumar & Co.,Anita Kumar,"No. 237, 5th Avenue, Marathahalli, Bengaluru - 560038",560038,KARNATAKA,Bengaluru Rural,,anita.kumar@rediffmail.com,16890,technology,02-05-2021,,Active
UDYAM-KA-08-8024018,Bhat & Sons,Rajesh Bhat,"No. 103, 3rd Road, Bommanahalli, Bengaluru - 560003",560003,KARNATAKA,Bengaluru Rural,,,10925,manufacturing,16/01/2013,02-09-2024,Inactive
UDYAM-KA-19-3113996,Patil Pvt Ltd,Anita Patil,"No. 361, 2nd Extension, Bommanahalli, Bengaluru - 560050",560050,KARNATAKA,Bengaluru Rural,9374403446,,34970,manufacturing,07/12/2000,25/09/2026,Active
UDYAM-KA-23-8037260,Rao Manufacturing,Pooja Rao,"No. 94, 5th Main Road, Indiranagar, Bengaluru - 560043",560043,KARNATAKA,Bengaluru Urban,8037790798,pooja.rao@rediffmail.com,61396,technology,03/07/2004,11/02/2023,Inactive
UDYAM-KA-06-9406499,Shetty Enterprises,Sohan Shetty,"No. 282, 2nd Street, Bellandur, Bengaluru - 560038",560038,KARNATAKA,Bengaluru Urban,6708320986,sohan.shetty@gmail.com,68485,construction,2010-08-03,2026-05-28,Active
UDYAM-KA-19-3134516,Pandey & Sons,Anita Pandey,"No. 219, 5th Main Road, Varthur, Bengaluru - 560055",560055,KARNATAKA,Bengaluru Urban,6169339200,anita.pandey@outlook.com,30329,technology,2002-01-20,2021-05-26,Inactive
UDYAM-KA-28-5673178,Agarwal Mills,Divya Agarwal,"No. 294, 4th Street, Varthur, Bengaluru - 560038",560038,Karnataka,Bengaluru Urban,6290817892,,83196,services,29/07/2017,2020-11-22,Inactive
UDYAM-KA-24-6865418,Rao Manufacturing,Arun Rao,"No. 477, 4th Main Road, Indiranagar, Bengaluru - 560025",560025,Karnataka,Bengaluru Rural,8714985746,,32628,construction,06-03-2002,16-09-2022,Inactive
UDYAM-KA-03-3905583,Rao & Sons,Rohan Rao,"No. 428, 3rd Main Road, Sarjapur Road, Bengaluru - 560060",560060,KARNATAKA,Bengaluru Rural,7229661713,,85637,trading,2010-04-10,,Inactive
UDYAM-KA-09-2536353,Pai Traders,Priya Pai,"No. 475, 4th Avenue, Jayanagar, Bengaluru - 560098",560098,KARNATAKA,Bengaluru Rural,9976815511,priya.pai@yahoo.co.in,20436,trading,07-02-2013,03/06/2026,Active
UDYAM-KA-23-5739428,Kumar Traders,Rohan Kumar,"No. 314, 2nd Extension, KR Puram, Bengaluru - 560078",560078,KARNATAKA,Bengaluru Urban,8636456738,,65682,construction,2007-05-07,2026-02-23,Active
UDYAM-KA-20-1165011,Gowda Exports,Ajay Gowda,"No. 21, 3rd Layout, Brookefield, Bengaluru - 560100",560100,KARNATAKA,Bengaluru Rural,,,60907,services,04/06/2009,20-10-2026,Active
UDYAM-KA-08-3580998,Tiwari Industries,Mahesh Tiwari,"No. 82, 2nd Road, Hoodi, Bengaluru - 560002",560002,Karnataka,Bengaluru Urban,6947987281,mahesh.tiwari@outlook.com,29231,construction,11-10-2002,08-02-2025,Active
UDYAM-KA-15-7832647,Jain Traders,Krishna Jain,"No. 14, 2nd Main Road, Indiranagar, Bengaluru - 560025",560025,KARNATAKA,Bengaluru Rural,9417482633,krishna.jain@outlook.com,99134,trading,2019-12-30,22/04/2026,Active
UDYAM-KA-13-5011988,Shenoy Corporation,Sanjay Shenoy,"No. 111, 5th Cross, Rajajinagar, Bengaluru - 560058",560058,Karnataka,Bengaluru Urban,9302057913,,81470,technology,2014-09-07,,Inactive
UDYAM-KA-13-0579707,Singh Solutions,Sohan Singh,"No. 44, 4th Cross, Whitefield, Bengaluru - 560079",560079,KARNATAKA,Bengaluru Urban,8741510398,sohan.singh@outlook.com,27745,technology,2019-12-15,28-12-2020,Inactive
UDYAM-KA-24-0630716,Patel Traders,Deepa Patel,"No. 237, 5th Avenue, Koramangala, Bengaluru - 560011",560011,KARNATAKA,Bengaluru Rural,8660660866,,73376,trading,29/09/2013,,Inactive
UDYAM-KA-14-3253633,Jain Services,Ajay Jain,"No. 142, 5th Extension, Mahadevapura, Bengaluru - 560022",560022,KARNATAKA,Bengaluru Rural,6102118525,,31538,services,23/02/2018,14-08-2025,Active
UDYAM-KA-05-6228546,Patel Works,Divya Patel,"No. 237, 2nd Cross, Hebbal, Bengaluru - 560047",560047,Karnataka,Bengaluru Rural,8547150345,divya.patel@yahoo.co.in,11962,technology,18/02/2007,,Active
UDYAM-KA-14-1770235,Verma Agency,Vinod Verma,"No. 406, 2nd Extension, Electronic City, Bengaluru - 560009",560009,Karnataka,Bengaluru Rural,7655995984,vinod.verma@outlook.com,91967,trading,18-10-2010,20-01-2026,Active
UDYAM-KA-27-8209881,Kulkarni Manufacturing,Mahesh Kulkarni,"No. 112, 4th Layout, Basavanagudi, Bengaluru - 560097",560097,KARNATAKA,Bengaluru Urban,7065933118,mahesh.kulkarni@outlook.com,19389,manufacturing,2000-12-15,2023-09-07,Inactive
UDYAM-KA-08-2526085,Sharma & Co.,Suresh Sharma,"No. 178, 1st Cross, Bommanahalli, Bengaluru - 560030",560030,KARNATAKA,Bengaluru Urban,6871524097,,76322,manufacturing,12-07-2018,27-07-2022,Inactive
UDYAM-KA-08-5052479,Naidu Trading Co.,Mohan Naidu,"No. 407, 5th Layout, Sarjapur Road, Bengaluru - 560053",560053,KARNATAKA,Bengaluru Urban,9845657203,mohan.naidu@outlook.com,79825,services,2016-03-05,05-11-2022,Inactive
UDYAM-KA-20-1298336,Pillai Exports,Rohan Pillai,"No. 88, 2nd Road, Indiranagar, Bengaluru - 560071",560071,KARNATAKA,Bengaluru Urban,7018927628,,89422,manufacturing,22/07/2016,24-12-2026,Active
UDYAM-KA-01-4732780,Shenoy Brothers,Pooja Shenoy,"No. 387, 2nd Main Road, Basavanagudi, Bengaluru - 560058",560058,KARNATAKA,Bengaluru Rural,9159757536,pooja.shenoy@yahoo.co.in,65403,manufacturing,24/02/2018,,Active
UDYAM-KA-03-5423781,Bhat Traders,Deepa Bhat,"No. 266, 4th Avenue, HSR Layout, Bengaluru - 560017",560017,Karnataka,Bengaluru Urban,6496336655,deepa.bhat@rediffmail.com,22233,trading,29-07-2016,,Inactive
UDYAM-KA-23-9194798,Menon Agency,Anita Menon,"No. 431, 2nd Main Road, Marathahalli, Bengaluru - 560062",560062,KARNATAKA,Bengaluru Urban,9117160241,anita.menon@gmail.com,94987,technology,30-10-2019,13-10-2026,Active
UDYAM-KA-04-9137579,Jain Solutions,Venkatesh Jain,"No. 1, 2nd Road, Whitefield, Bengaluru - 560053",560053,Karnataka,Bengaluru Urban,6332966794,,12104,services,22/08/2012,2025-12-08,Active
UDYAM-KA-06-7556962,Verma & Sons,Suresh Verma,"No. 415, 3rd Layout, Electronic City, Bengaluru - 560010",560010,KARNATAKA,Bengaluru Urban,7223130672,,34936,services,21/12/2002,06-08-2025,Active
UDYAM-KA-17-5103391,Patil Engineers,Ajay Patil,"No. 71, 5th Layout, HSR Layout, Bengaluru - 560048",560048,KARNATAKA,Bengaluru Urban,9811653542,ajay.patil@gmail.com,30449,manufacturing,20-12-2011,28/10/2025,Active
UDYAM-KA-15-8455981,Jain Pvt Ltd,Rajesh Jain,"No. 140, 5th Cross, Hebbal, Bengaluru - 560004",560004,Karnataka,Bengaluru Rural,7828215006,rajesh.jain@yahoo.co.in,28231,technology,2019-05-18,,Active
UDYAM-KA-27-6913102,Singh Industries,Ramesh Singh,"No. 244, 2nd Layout, Whitefield, Bengaluru - 560055",560055,KARNATAKA,Bengaluru Urban,7645785696,,79968,construction,22-06-2006,30/12/2026,Active
UDYAM-KA-26-0596569,Shetty Works,Sunita Shetty,"No. 457, 5th Cross, Yelahanka, Bengaluru - 560085",560085,Karnataka,Bengaluru Rural,6905565053,sunita.shetty@rediffmail.com,35814,manufacturing,2012-07-31,20-01-2026,Active
UDYAM-KA-19-8113964,Menon Associates,Sunil Menon,"No. 460, 5th Avenue, Yelahanka, Bengaluru - 560095",560095,KARNATAKA,Bengaluru Urban,6106962395,sunil.menon@gmail.com,83713,trading,2012-11-19,2025-12-17,Active
UDYAM-KA-28-4546938,Iyer Brothers,Rohan Iyer,"No. 192, 4th Layout, Koramangala, Bengaluru - 560052",560052,KARNATAKA,Bengaluru Urban,8280960434,,66738,services,03/06/2022,06-12-2025,Active
UDYAM-KA-07-2420582,Rao Pvt Ltd,Varun Rao,"No. 210, 3rd Avenue, Yelahanka, Bengaluru - 560038",560038,KARNATAKA,Bengaluru Urban,6561542271,varun.rao@outlook.com,10976,trading,11-12-2000,12-03-2020,Inactive
UDYAM-KA-22-7457127,Reddy Brothers,Anita Reddy,"No. 235, 3rd Road, Hoodi, Bengaluru - 560060",560060,Karnataka,Bengaluru Urban,7582955116,,79160,construction,26-06-2012,2026-02-08,Active
UDYAM-KA-19-0510472,Bhat Traders,Sunil Bhat,"No. 243, 5th Avenue, Electronic City, Bengaluru - 560064",560064,Karnataka,Bengaluru Urban,9367718081,,63430,manufacturing,16-05-2004,18-07-2025,Active
UDYAM-KA-11-7543349,Tiwari Enterprises,Sohan Tiwari,"No. 233, 3rd Street, Indiranagar, Bengaluru - 560070",560070,KARNATAKA,Bengaluru Rural,6891208592,,76508,construction,2018-04-25,08/02/2025,Active
UDYAM-KA-25-6014195,Nair Engineers,Lakshmi Nair,"No. 229, 1st Layout, Peenya, Bengaluru - 560008",560008,KARNATAKA,Bengaluru Urban,6404873875,,70541,construction,10-11-2002,21/05/2020,Inactive
UDYAM-KA-01-0877501,Menon Brothers,Sunita Menon,"No. 97, 4th Road, Hebbal, Bengaluru - 560034",560034,KARNATAKA,Bengaluru Rural,9998978056,sunita.menon@rediffmail.com,77976,technology,06-09-2017,,Active
UDYAM-KA-04-5119032,Deshmukh Works,Suresh Deshmukh,"No. 379, 5th Main Road, BTM Layout, Bengaluru - 560045",560045,KARNATAKA,Bengaluru Urban,7569663952,,51209,trading,2012-03-02,,Active
UDYAM-KA-25-1224600,Kumar Engineers,Ganesh Kumar,"No. 111, 1st Road, Marathahalli, Bengaluru - 560001",560001,KARNATAKA,Bengaluru Rural,7654705623,ganesh.kumar@yahoo.co.in,85726,services,28/08/2014,28-10-2026,Active
UDYAM-KA-10-0082851,Mishra & Sons,Pramod Mishra,"No. 104, 4th Main Road, Peenya, Bengaluru - 560079",560079,KARNATAKA,Bengaluru Urban,7469514110,pramod.mishra@outlook.com,78536,services,13/04/2001,,Inactive
UDYAM-KA-25-3915487,Pillai Trading Co.,Krishna Pillai,"No. 323, 5th Avenue, Peenya, Bengaluru - 560018",560018,KARNATAKA,Bengaluru Rural,8825714442,krishna.pillai@outlook.com,67120,manufacturing,20-04-2009,10/11/2026,Active
UDYAM-KA-14-3254543,Kulkarni Exports,Vinod Kulkarni,"No. 459, 4th Street, Koramangala, Bengaluru - 560025",,KARNATAKA,Bengaluru Rural,8066356136,,37624,services,2016-04-25,02/09/2026,Active
UDYAM-KA-02-2908473,Pillai Mills,Suresh Pillai,"No. 367, 5th Layout, BTM Layout, Bengaluru - 560071",,KARNATAKA,Bengaluru Urban,6580863193,suresh.pillai@gmail.com,78328,construction,07/02/2016,,Active
UDYAM-KA-20-4663681,Nair & Co.,Priya Nair,"No. 425, 4th Street, Bommanahalli, Bengaluru - 560029",560029,Karnataka,Bengaluru Urban,8070012089,,65753,construction,21/02/2018,,Active
UDYAM-KA-20-7979754,Naidu Constructions,Divya Naidu,"No. 209, 1st Cross, Bommanahalli, Bengaluru - 560095",560095,KARNATAKA,Bengaluru Urban,7971720929,divya.naidu@gmail.com,72238,services,01-10-2013,2024-05-16,Inactive
UDYAM-KA-13-1347468,Shah Constructions,Vijay Shah,"No. 368, 4th Avenue, Sarjapur Road, Bengaluru - 560043",560043,Karnataka,Bengaluru Urban,9262209771,,59724,trading,23/01/2002,28/10/2023,Inactive
UDYAM-KA-01-5013437,Gowda Corporation,Sohan Gowda,"No. 13, 3rd Road, Peenya, Bengaluru - 560029",560029,Karnataka,Bengaluru Urban,8829339614,sohan.gowda@rediffmail.com,58869,services,2004-10-23,2020-04-12,Inactive
UDYAM-KA-10-8546976,Shenoy Constructions,Raghav Shenoy,"No. 43, 5th Street, JP Nagar, Bengaluru - 560030",560030,Karnataka,Bengaluru Rural,8720905990,raghav.shenoy@rediffmail.com,38686,trading,21/03/2013,19/07/2026,Active
UDYAM-KA-01-5650271,Shetty Agency,Rohan Shetty,"No. 104, 2nd Street, Varthur, Bengaluru - 560002",560002,KARNATAKA,Bengaluru Rural,7804357764,,65101,manufacturing,2010-11-27,,Active
UDYAM-KA-20-4210657,Menon Manufacturing,Raghav Menon,"No. 392, 2nd Extension, Jayanagar, Bengaluru - 560102",560102,KARNATAKA,Bengaluru Rural,7991237357,,39192,technology,17-05-2006,05-10-2022,Inactive
UDYAM-KA-02-4021420,Murthy Manufacturing,Raghav Murthy,"No. 470, 1st Street, Bellandur, Bengaluru - 560040",560040,KARNATAKA,Bengaluru Urban,,raghav.murthy@yahoo.co.in,88961,technology,2020-09-24,13-12-2026,Active
UDYAM-KA-08-1208522,Reddy Technologies,Lakshmi Reddy,"No. 242, 5th Road, MG Road, Bengaluru - 560092",560092,KARNATAKA,Bengaluru Urban,,,82861,construction,2009-11-22,12/03/2024,Inactive
UDYAM-KA-26-4014746,Murthy Exports,Rajesh Murthy,"No. 48, 2nd Avenue, Banashankari, Bengaluru - 560071",560071,Karnataka,Bengaluru Urban,6961927444,,56216,technology,2017-03-16,06-11-2022,Inactive
UDYAM-KA-22-0750539,Menon Trading Co.,Arun Menon,"No. 439, 2nd Main Road, Rajajinagar, Bengaluru - 560017",560017,KARNATAKA,Bengaluru Urban,7274526149,arun.menon@outlook.com,97635,services,2009-02-20,03-10-2025,Active
UDYAM-KA-07-0061968,Iyer Agency,Sohan Iyer,"No. 461, 4th Cross, MG Road, Bengaluru - 560094",560094,KARNATAKA,Bengaluru Urban,,sohan.iyer@outlook.com,92632,manufacturing,08-02-2017,30-10-2025,Active
UDYAM-KA-23-8628572,Hegde Solutions,Deepa Hegde,"No. 180, 4th Layout, Jayanagar, Bengaluru - 560048",560048,Karnataka,Bengaluru Rural,9535498431,,92884,manufacturing,19-07-2006,,Inactive
UDYAM-KA-29-2309242,Shah Brothers,Sunil Shah,"No. 277, 2nd Road, Brookefield, Bengaluru - 560058",560058,KARNATAKA,Bengaluru Rural,8558171826,,80485,construction,28-06-2022,17-04-2025,Active
UDYAM-KA-14-4645023,Kamath Agency,Sunita Kamath,"No. 38, 2nd Street, Malleshwaram, Bengaluru - 560092",560092,Karnataka,Bengaluru Rural,6568405080,,76314,trading,01/10/2006,,Inactive
UDYAM-KA-15-3229108,Verma Manufacturing,Pooja Verma,"No. 360, 3rd Extension, Mahadevapura, Bengaluru - 560038",560038,KARNATAKA,Bengaluru Urban,,pooja.verma@yahoo.co.in,94757,construction,25-09-2013,30-04-2026,Active
UDYAM-KA-29-8840031,Swamy Manufacturing,Ritu Swamy,"No. 302, 4th Cross, JP Nagar, Bengaluru - 560045",560045,Karnataka,Bengaluru Rural,8053644972,ritu.swamy@gmail.com,21579,construction,01-12-2020,24-10-2025,Active
UDYAM-KA-05-4947619,Naidu Mills,Venkatesh Naidu,"No. 179, 3rd Street, Brookefield, Bengaluru - 560025",560025,KARNATAKA,Bengaluru Urban,8121170964,venkatesh.naidu@outlook.com,82419,technology,01-07-2014,2026-03-27,Active
UDYAM-KA-18-9960966,Murthy Brothers,Divya Murthy,"No. 128, 5th Avenue, Bellandur, Bengaluru - 560045",560045,KARNATAKA,Bengaluru Urban,7222752396,,68842,construction,2021-11-25,,Active
UDYAM-KA-21-7948327,Reddy Agency,Deepa Reddy,"No. 234, 1st Cross, Brookefield, Bengaluru - 560070",560070,KARNATAKA,Bengaluru Rural,9467489962,,29275,technology,25/02/2020,,Active
UDYAM-KA-22-9616849,Shetty Services,Arun Shetty,"No. 356, 3rd Cross, JP Nagar, Bengaluru - 560070",560070,KARNATAKA,Bengaluru Rural,8975821262,arun.shetty@yahoo.co.in,50943,technology,2021-12-07,26-04-2024,Inactive
UDYAM-KA-24-5473594,Mehta Agency,Rohan Mehta,"No. 484, 2nd Main Road, Koramangala, Bengaluru - 560030",560030,KARNATAKA,Bengaluru Urban,8143137448,,80387,services,2001-10-22,2023-12-02,Inactive
UDYAM-KA-27-8767476,Kulkarni Constructions,Krishna Kulkarni,"No. 244, 3rd Road, HSR Layout, Bengaluru - 560073",560073,KARNATAKA,Bengaluru Rural,9598661719,,66530,services,30/11/2001,01/12/2026,Active
UDYAM-KA-11-3397807,Rao Associates,Nagaraj Rao,"No. 401, 3rd Layout, Koramangala, Bengaluru - 560037",560037,Karnataka,Bengaluru Urban,8098171345,nagaraj.rao@gmail.com,79739,technology,31-10-2017,2026-11-28,Active
UDYAM-KA-24-0427069,Shenoy Exports,Sohan Shenoy,"No. 199, 1st Extension, JP Nagar, Bengaluru - 560053",560053,KARNATAKA,Bengaluru Urban,7725796588,,84166,trading,2021-02-12,2024-07-26,Inactive
UDYAM-KA-25-4864700,Prasad Pvt Ltd,Mahesh Prasad,"No. 98, 3rd Street, Bellandur, Bengaluru - 560050",560050,KARNATAKA,Bengaluru Rural,9630671175,mahesh.prasad@outlook.com,87880,construction,20/10/2013,2026-04-06,Active
UDYAM-KA-13-2812672,Naidu Manufacturing,Sunita Naidu,"No. 87, 3rd Extension, Banashankari, Bengaluru - 560103",560103,KARNATAKA,Bengaluru Urban,6251763180,sunita.naidu@gmail.com,66520,services,22/09/2012,,Inactive
UDYAM-KA-01-2609774,Shenoy Brothers,Ramesh Shenoy,"No. 419, 4th Road, Brookefield, Bengaluru - 560079",560079,KARNATAKA,Bengaluru Rural,9963796695,,85508,construction,20/07/2021,16/05/2026,Active
UDYAM-KA-06-1921265,Nair Works,Ritu Nair,"No. 366, 3rd Cross, Yelahanka, Bengaluru - 560030",560030,KARNATAKA,Bengaluru Rural,8526509762,ritu.nair@yahoo.co.in,52855,services,05/05/2010,,Inactive
UDYAM-KA-05-0902484,Pillai Constructions,Divya Pillai,"No. 203, 5th Street, Hebbal, Bengaluru - 560071",560071,KARNATAKA,Bengaluru Urban,,divya.pillai@gmail.com,79635,trading,12/03/2004,2026-07-17,Active
UDYAM-KA-28-1649057,Tiwari Manufacturing,Mohan Tiwari,"No. 461, 2nd Layout, Rajajinagar, Bengaluru - 560098",560098,Karnataka,Bengaluru Rural,9656070530,mohan.tiwari@outlook.com,72107,construction,05/01/2004,23/08/2025,Active
UDYAM-KA-11-4142217,Shetty Solutions,Venkatesh Shetty,"No. 275, 3rd Road, Hebbal, Bengaluru - 560098",560098,KARNATAKA,Bengaluru Urban,7765945064,,25148,manufacturing,28-12-2000,2026-10-28,Active
UDYAM-KA-17-3129605,Shenoy Services,Sunil Shenoy,"No. 273, 5th Avenue, Sarjapur Road, Bengaluru - 560038",560038,KARNATAKA,Bengaluru Rural,,sunil.shenoy@gmail.com,59666,services,22/12/2011,20-09-2025,Active
UDYAM-KA-04-0769892,Sharma Technologies,Kavita Sharma,"No. 458, 4th Extension, Basavanagudi, Bengaluru - 560045",560045,Karnataka,Bengaluru Rural,9331448644,kavita.sharma@yahoo.co.in,65777,manufacturing,2002-08-18,28/08/2026,Active
UDYAM-KA-18-9785500,Rao & Sons,Sohan Rao,"No. 310, 5th Main Road, Sarjapur Road, Bengaluru - 560085",560085,KARNATAKA,Bengaluru Rural,8326834741,,63602,manufacturing,21/02/2008,2025-06-30,Active
UDYAM-KA-17-6941837,Kumar & Sons,Lakshmi Kumar,"No. 476, 3rd Main Road, Yelahanka, Bengaluru - 560017",560017,KARNATAKA,Bengaluru Urban,7628979677,lakshmi.kumar@outlook.com,34446,trading,2021-06-26,2026-07-19,Active
UDYAM-KA-15-0222629,Shetty Engineers,Kiran Shetty,"No. 228, 1st Road, Bellandur, Bengaluru - 560068",560068,KARNATAKA,Bengaluru Rural,9941037138,kiran.shetty@yahoo.co.in,94323,construction,2006-05-29,,Active
UDYAM-KA-11-5708677,Bhat Brothers,Pooja Bhat,"No. 279, 4th Layout, Brookefield, Bengaluru - 560071",560071,KARNATAKA,Bengaluru Rural,8923843493,,14466,construction,30-08-2005,,Inactive
UDYAM-KA-03-8804643,Pillai Technologies,Rohan Pillai,"No. 31, 2nd Avenue, Koramangala, Bengaluru - 560017",560017,KARNATAKA,Bengaluru Rural,7443425458,,45827,technology,2001-02-27,22-11-2026,Active
UDYAM-KA-09-0750151,Pandey & Sons,Sanjay Pandey,"No. 460, 1st Extension, Sarjapur Road, Bengaluru - 560076",560076,KARNATAKA,Bengaluru Rural,6924837808,,19418,services,17-06-2003,,Active
UDYAM-KA-15-6158986,Gowda Traders,Sanjay Gowda,"No. 173, 3rd Avenue, Banashankari, Bengaluru - 560037",560037,KARNATAKA,Bengaluru Urban,7130365307,sanjay.gowda@yahoo.co.in,29332,services,2004-03-29,10/10/2024,Inactive
UDYAM-KA-26-5414077,Patel Industries,Sunita Patel,"No. 489, 2nd Road, MG Road, Bengaluru - 560010",560010,Karnataka,Bengaluru Rural,8141774162,,51742,trading,2015-11-05,13-07-2025,Active
UDYAM-KA-27-8955930,Reddy Technologies,Kavita Reddy,"No. 263, 1st Extension, Sarjapur Road, Bengaluru - 560011",560011,KARNATAKA,Bengaluru Urban,9195496878,,67732,services,22/02/2021,25-02-2026,Active
UDYAM-KA-02-2384439,Patel Services,Manoj Patel,"No. 325, 4th Avenue, Malleshwaram, Bengaluru - 560050",560050,KARNATAKA,Bengaluru Urban,8296681339,manoj.patel@gmail.com,55536,services,2011-06-01,31-01-2025,Active
UDYAM-KA-09-6912443,Verma Constructions,Sohan Verma,"No. 130, 3rd Layout, Hebbal, Bengaluru - 560094",560094,KARNATAKA,Bengaluru Urban,7335688425,sohan.verma@gmail.com,39939,services,17-11-2009,01/01/2022,Inactive
UDYAM-KA-24-7168451,Singh Pvt Ltd,Mohan Singh,"No. 47, 2nd Main Road, Banashankari, Bengaluru - 560029",560029,KARNATAKA,Bengaluru Rural,,,27727,construction,2014-04-12,01/12/2025,Active
UDYAM-KA-05-2180907,Iyer Pvt Ltd,Divya Iyer,"No. 68, 1st Cross, MG Road, Bengaluru - 560094",560094,KARNATAKA,Bengaluru Urban,7021410435,divya.iyer@outlook.com,55696,technology,11-12-2001,05-11-2024,Inactive
UDYAM-KA-12-7600180,Naidu Agency,Rekha Naidu,"No. 24, 1st Layout, JP Nagar, Bengaluru - 560022",560022,Karnataka,Bengaluru Rural,7546629811,rekha.naidu@rediffmail.com,94549,manufacturing,2000-10-20,,Active
UDYAM-KA-17-6601882,Bhat Exports,Mohan Bhat,"No. 349, 1st Main Road, Malleshwaram, Bengaluru - 560018",560018,KARNATAKA,Bengaluru Urban,7810431206,,82949,technology,03-04-2021,,Active
UDYAM-KA-06-6297692,Singh Agency,Vijay Singh,"No. 335, 4th Cross, Sarjapur Road, Bengaluru - 560038",560038,KARNATAKA,Bengaluru Urban,9116925946,vijay.singh@gmail.com,39332,technology,22/03/2017,,Inactive
UDYAM-KA-03-6306812,Gupta Manufacturing,Lakshmi Gupta,"No. 323, 2nd Main Road, HSR Layout, Bengaluru - 560011",560011,KARNATAKA,Bengaluru Urban,,,42650,trading,07-11-2015,,Inactive
UDYAM-KA-08-6890995,Reddy Services,Sunil Reddy,"No. 379, 1st Road, Bommanahalli, Bengaluru - 560053",560053,KARNATAKA,Bengaluru Rural,8223005125,sunil.reddy@outlook.com,48398,services,2015-04-15,06/04/2025,Active
UDYAM-KA-09-3515256,Tiwari Exports,Rajesh Tiwari,"No. 1, 1st Road, Hebbal, Bengaluru - 560018",560018,KARNATAKA,Bengaluru Rural,6671371194,rajesh.tiwari@yahoo.co.in,54860,services,24-08-2002,16/07/2025,Active
UDYAM-KA-12-9139714,Kamath Exports,Divya Kamath,"No. 471, 1st Layout, Varthur, Bengaluru - 560098",560098,Karnataka,Bengaluru Rural,6289713077,,88217,services,16/01/2015,10-06-2026,Active
UDYAM-KA-15-0049282,Gowda Solutions,Nagaraj Gowda,"No. 85, 2nd Cross, Rajajinagar, Bengaluru - 560017",560017,KARNATAKA,Bengaluru Urban,7952019266,,95196,technology,2006-12-01,11/09/2024,Inactive
UDYAM-KA-18-1204693,Verma Enterprises,Divya Verma,"No. 226, 2nd Street, Rajajinagar, Bengaluru - 560017",560017,KARNATAKA,Bengaluru Rural,9912221821,,48957,trading,09-12-2000,2026-11-02,Active
UDYAM-KA-20-8997792,Prasad Services,Divya Prasad,"No. 32, 2nd Extension, Hoodi, Bengaluru - 560040",560040,KARNATAKA,Bengaluru Rural,,divya.prasad@gmail.com,81308,trading,15/08/2006,2026-07-23,Active
UDYAM-KA-10-1451317,Jain Agency,Vijay Jain,"No. 16, 4th Main Road, Bellandur, Bengaluru - 560052",560052,Karnataka,Bengaluru Urban,8778262898,,26648,manufacturing,2006-05-05,10-08-2026,Active
UDYAM-KA-23-6169673,Prasad Services,Deepa Prasad,"No. 350, 1st Main Road, Electronic City, Bengaluru - 560058",560058,KARNATAKA,Bengaluru Urban,9345152371,deepa.prasad@yahoo.co.in,13931,trading,13-04-2002,,Active
UDYAM-KA-28-5836473,Jain Corporation,Arun Jain,"No. 223, 5th Avenue, Electronic City, Bengaluru - 560102",560102,KARNATAKA,Bengaluru Urban,9566288345,arun.jain@gmail.com,59824,trading,2022-04-04,07/08/2024,Inactive
UDYAM-KA-04-9358839,Sharma Corporation,Seema Sharma,"No. 441, 5th Avenue, KR Puram, Bengaluru - 560055",560055,KARNATAKA,Bengaluru Rural,6210747363,,58525,services,03-08-2019,22/01/2025,Active
UDYAM-KA-03-0025094,Kamath Brothers,Pooja Kamath,"No. 498, 3rd Cross, Bellandur, Bengaluru - 560025",560025,KARNATAKA,Bengaluru Urban,8143405950,,32930,manufacturing,02-09-2014,12/08/2026,Active
UDYAM-KA-02-2255316,Gupta Trading Co.,Rajesh Gupta,"No. 67, 3rd Main Road, Brookefield, Bengaluru - 560045",560045,KARNATAKA,Bengaluru Rural,,rajesh.gupta@gmail.com,38375,trading,15/10/2001,13-09-2025,Active
UDYAM-KA-18-0664677,Swamy Solutions,Anita Swamy,"No. 319, 3rd Road, MG Road, Bengaluru - 560025",560025,KARNATAKA,Bengaluru Rural,6850825440,anita.swamy@gmail.com,80326,services,22-06-2012,2025-08-01,Active
UDYAM-KA-17-6450546,Kamath Engineers,Mahesh Kamath,"No. 293, 2nd Cross, ITPL Main Road, Bengaluru - 560058",560058,KARNATAKA,Bengaluru Rural,,,67729,technology,13/02/2007,,Active
UDYAM-KA-05-5107473,Shenoy Exports,Arun Shenoy,"No. 105, 1st Main Road, JP Nagar, Bengaluru - 560017",560017,KARNATAKA,Bengaluru Rural,7137074872,,31316,trading,26-03-2009,,Active
UDYAM-KA-28-5879775,Kumar Engineers,Kiran Kumar,"No. 4, 1st Street, HSR Layout, Bengaluru - 560076",560076,KARNATAKA,Bengaluru Urban,8003524578,,49243,services,2018-04-05,06/11/2026,Active
UDYAM-KA-05-1806479,Deshmukh Technologies,Sunita Deshmukh,"No. 145, 3rd Street, Koramangala, Bengaluru - 560100",560100,Karnataka,Bengaluru Rural,8741695592,,26488,manufacturing,08/01/2007,,Active
UDYAM-KA-19-9807231,Kamath Industries,Mukesh Kamath,"No. 148, 1st Road, Electronic City, Bengaluru - 560052",560052,KARNATAKA,Bengaluru Urban,7111290469,,88748,trading,29-11-2019,2025-10-26,Active
UDYAM-KA-19-2649974,Naidu & Co.,Ritu Naidu,"No. 217, 1st Cross, Brookefield, Bengaluru - 560094",560094,KARNATAKA,Bengaluru Rural,7151483512,ritu.naidu@yahoo.co.in,43931,construction,06-03-2001,,Inactive
UDYAM-KA-20-0754660,Mehta Works,Seema Mehta,"No. 440, 5th Road, Bommanahalli, Bengaluru - 560037",,KARNATAKA,Bengaluru Rural,9608464335,seema.mehta@rediffmail.com,80431,trading,2018-06-21,,Active
UDYAM-KA-06-5612358,Gowda Brothers,Kiran Gowda,"No. 400, 1st Avenue, Koramangala, Bengaluru - 560092",560092,KARNATAKA,Bengaluru Urban,8101165267,kiran.gowda@yahoo.co.in,44898,technology,2005-02-19,09-08-2020,Inactive
UDYAM-KA-22-4291914,Deshmukh Industries,Venkatesh Deshmukh,"No. 252, 3rd Extension, BTM Layout, Bengaluru - 560052",560052,KARNATAKA,Bengaluru Urban,,venkatesh.deshmukh@yahoo.co.in,78334,construction,06/11/2019,11-03-2026,Active
UDYAM-KA-10-7865528,Mishra Engineers,Deepa Mishra,"No. 79, 1st Cross, Peenya, Bengaluru - 560003",560003,KARNATAKA,Bengaluru Rural,,deepa.mishra@outlook.com,45487,manufacturing,2015-08-22,05/05/2022,Inactive
UDYAM-KA-23-1404120,Tiwari Works,Rekha Tiwari,"No. 134, 5th Street, Bommanahalli, Bengaluru - 560034",560034,KARNATAKA,Bengaluru Rural,9461861754,,55195,trading,10/02/2022,,Inactive
UDYAM-KA-23-9871047,Shah Services,Anita Shah,"No. 324, 5th Main Road, ITPL Main Road, Bengaluru - 560043",560043,KARNATAKA,Bengaluru Urban,8440507604,,18237,manufacturing,2017-06-22,10-10-2023,Inactive
UDYAM-KA-01-4857227,Iyer Pvt Ltd,Ramesh Iyer,"No. 176, 3rd Main Road, Banashankari, Bengaluru - 560008",,KARNATAKA,Bengaluru Urban,7945794958,,65535,manufacturing,27/06/2006,,Inactive
UDYAM-KA-07-0868515,Pillai Trading Co.,Priya Pillai,"No. 368, 4th Road, Malleshwaram, Bengaluru - 560053",560053,KARNATAKA,Bengaluru Urban,9991684672,,99648,manufacturing,01-06-2010,2023-02-08,Inactive
UDYAM-KA-08-1439051,Shah Pvt Ltd,Seema Shah,"No. 104, 4th Street, Banashankari, Bengaluru - 560048",560048,KARNATAKA,Bengaluru Urban,8209427080,seema.shah@rediffmail.com,42334,trading,26/04/2021,20-03-2025,Active
UDYAM-KA-02-7404903,Nair & Co.,Priya Nair,"No. 385, 2nd Cross, Sarjapur Road, Bengaluru - 560102",560102,Karnataka,Bengaluru Urban,,priya.nair@outlook.com,72917,services,2006-03-31,02-03-2023,Inactive
UDYAM-KA-18-7652216,Pandey Brothers,Vinod Pandey,"No. 72, 2nd Cross, ITPL Main Road, Bengaluru - 560043",560043,KARNATAKA,Bengaluru Urban,8566768635,vinod.pandey@yahoo.co.in,64408,construction,2002-06-13,,Active
UDYAM-KA-09-2128831,Shetty Corporation,Sunita Shetty,"No. 425, 2nd Avenue, Malleshwaram, Bengaluru - 560098",560098,KARNATAKA,Bengaluru Rural,6166307747,sunita.shetty@rediffmail.com,10246,construction,06-09-2014,06-04-2025,Active
UDYAM-KA-27-9700353,Pandey Corporation,Sohan Pandey,"No. 332, 1st Layout, Malleshwaram, Bengaluru - 560029",560029,Karnataka,Bengaluru Rural,9580360085,,43283,construction,08/12/2014,2020-02-01,Inactive
UDYAM-KA-07-0205310,Pillai Industries,Manoj Pillai,"No. 496, 4th Layout, Indiranagar, Bengaluru - 560005",560005,Karnataka,Bengaluru Rural,,,74542,construction,2008-10-20,2025-05-13,Active
UDYAM-KA-21-5622670,Iyer Brothers,Ritu Iyer,"No. 142, 4th Avenue, HSR Layout, Bengaluru - 560047",560047,Karnataka,Bengaluru Urban,7492727534,ritu.iyer@rediffmail.com,31395,services,27/12/2003,06-07-2026,Active
UDYAM-KA-28-8854284,Gowda Traders,Krishna Gowda,"No. 267, 4th Cross, Peenya, Bengaluru - 560094",560094,KARNATAKA,Bengaluru Rural,,,14205,construction,2016-03-26,2026-06-02,Active
UDYAM-KA-19-6305253,Pandey Trading Co.,Priya Pandey,"No. 330, 1st Extension, ITPL Main Road, Bengaluru - 560076",560076,KARNATAKA,Bengaluru Urban,9925768706,,61534,construction,02/09/2001,05-10-2024,Inactive
UDYAM-KA-18-1321584,Pandey Enterprises,Anita Pandey,"No. 324, 3rd Main Road, Sarjapur Road, Bengaluru - 560060",560060,KARNATAKA,Bengaluru Urban,,,27384,technology,22/12/2004,,Inactive
UDYAM-KA-05-3801289,Agarwal Technologies,Varun Agarwal,"No. 218, 1st Road, Koramangala, Bengaluru - 560011",560011,Karnataka,Bengaluru Urban,6701750120,,95280,manufacturing,19-03-2009,,Inactive
UDYAM-KA-13-2346095,Naidu Pvt Ltd,Arun Naidu,"No. 20, 4th Layout, Indiranagar, Bengaluru - 560058",560058,Karnataka,Bengaluru Urban,6184019782,arun.naidu@rediffmail.com,15970,technology,2007-06-11,,Active
UDYAM-KA-25-3485208,Iyer Works,Divya Iyer,"No. 376, 5th Road, Peenya, Bengaluru - 560048",560048,KARNATAKA,Bengaluru Rural,8514630369,,39757,trading,12-06-2003,,Active
UDYAM-KA-17-8102154,Verma Works,Priya Verma,"No. 357, 4th Cross, Hoodi, Bengaluru - 560058",560058,KARNATAKA,Bengaluru Urban,7070318975,priya.verma@yahoo.co.in,30349,trading,15/02/2019,19-02-2026,Active
UDYAM-KA-09-5629345,Sharma Traders,Nagaraj Sharma,"No. 213, 2nd Main Road, Indiranagar, Bengaluru - 560053",560053,KARNATAKA,Bengaluru Urban,9512534346,,48290,services,2018-01-28,29-11-2026,Active
UDYAM-KA-14-6792538,Reddy Traders,Vijay Reddy,"No. 202, 5th Street, Malleshwaram, Bengaluru - 560100",560100,KARNATAKA,Bengaluru Urban,9480953755,,10277,services,19/09/2019,08/08/2021,Inactive
UDYAM-KA-17-7215016,Gupta Enterprises,Lakshmi Gupta,"No. 113, 2nd Main Road, Varthur, Bengaluru - 560030",560030,Karnataka,Bengaluru Rural,8129844591,lakshmi.gupta@yahoo.co.in,84465,technology,04-12-2017,,Active
UDYAM-KA-25-7613787,Pandey Works,Nagaraj Pandey,"No. 303, 3rd Road, Varthur, Bengaluru - 560079",560079,KARNATAKA,Bengaluru Rural,8609248080,nagaraj.pandey@outlook.com,45777,trading,04-12-2011,14/03/2025,Active
UDYAM-KA-21-6048576,Murthy Works,Deepa Murthy,"No. 53, 1st Street, Peenya, Bengaluru - 560030",560030,KARNATAKA,Bengaluru Rural,8868946827,,21442,trading,01/10/2014,15/09/2023,Inactive
UDYAM-KA-16-5837818,Kulkarni Associates,Neha Kulkarni,"No. 440, 2nd Cross, Indiranagar, Bengaluru - 560094",560094,KARNATAKA,Bengaluru Rural,6298543394,neha.kulkarni@gmail.com,82967,technology,2018-07-15,,Active
UDYAM-KA-16-6544570,Pai Agency,Lakshmi Pai,"No. 12, 1st Layout, Hebbal, Bengaluru - 560041",560041,KARNATAKA,Bengaluru Rural,8230486458,lakshmi.pai@outlook.com,17734,services,28/05/2016,2026-02-15,Active
UDYAM-KA-14-5035620,Kamath Industries,Pooja Kamath,"No. 67, 5th Road, Jayanagar, Bengaluru - 560071",560071,KARNATAKA,Bengaluru Urban,7393066388,,61969,construction,08/12/2005,2024-07-19,Inactive
UDYAM-KA-12-2671839,Mishra Industries,Sunita Mishra,"No. 122, 1st Avenue, ITPL Main Road, Bengaluru - 560073",560073,KARNATAKA,Bengaluru Urban,9773905996,,60544,manufacturing,2005-06-21,24-07-2023,Inactive
UDYAM-KA-22-3914548,Gupta & Co.,Divya Gupta,"No. 88, 5th Cross, Yelahanka, Bengaluru - 560010",560010,KARNATAKA,Bengaluru Rural,8526899284,divya.gupta@gmail.com,62230,trading,11/02/2003,02-03-2026,Active
UDYAM-KA-13-8129113,Pai Manufacturing,Sunita Pai,"No. 63, 3rd Layout, Indiranagar, Bengaluru - 560060",560060,KARNATAKA,Bengaluru Rural,8610006936,sunita.pai@yahoo.co.in,29396,trading,2004-04-27,,Inactive
UDYAM-KA-30-6513877,Tiwari Traders,Krishna Tiwari,"No. 430, 5th Avenue, Hoodi, Bengaluru - 560068",560068,KARNATAKA,Bengaluru Urban,9723313540,,20260,technology,02/06/2022,27/04/2021,Inactive
UDYAM-KA-20-2198639,Pandey Technologies,Kavita Pandey,"No. 395, 5th Avenue, Varthur, Bengaluru - 560022",560022,KARNATAKA,Bengaluru Urban,6037967722,,90660,services,06/10/2019,27-01-2024,Inactive
UDYAM-KA-11-4554234,Rao Associates,Priya Rao,"No. 247, 3rd Avenue, KR Puram, Bengaluru - 560040",560040,KARNATAKA,Bengaluru Urban,9767021742,,64352,trading,15/04/2000,2025-07-25,Active
UDYAM-KA-20-8732779,Naidu Engineers,Anita Naidu,"No. 284, 5th Street, Hebbal, Bengaluru - 560062",,KARNATAKA,Bengaluru Rural,9608338280,anita.naidu@rediffmail.com,47679,services,2017-01-10,2026-02-26,Active
UDYAM-KA-24-9708326,Jain Trading Co.,Lakshmi Jain,"No. 263, 5th Street, Hebbal, Bengaluru - 560052",560052,KARNATAKA,Bengaluru Rural,8754308444,lakshmi.jain@rediffmail.com,94179,construction,2000-12-06,16/07/2025,Active
UDYAM-KA-15-0771288,Patel Manufacturing,Neha Patel,"No. 445, 5th Avenue, Varthur, Bengaluru - 560001",560001,Karnataka,Bengaluru Urban,7566474661,,60900,manufacturing,05/09/2022,2020-12-04,Inactive
UDYAM-KA-07-7749474,Pillai Associates,Lakshmi Pillai,"No. 228, 1st Road, Varthur, Bengaluru - 560030",560030,Karnataka,Bengaluru Urban,8196047478,,26488,technology,11/10/2018,,Active
UDYAM-KA-03-1001937,Gupta Traders,Vijay Gupta,"No. 442, 4th Layout, MG Road, Bengaluru - 560064",560064,KARNATAKA,Bengaluru Rural,9236560799,vijay.gupta@rediffmail.com,45649,trading,2009-09-17,29/09/2026,Active
UDYAM-KA-04-0491375,Pillai Trading Co.,Rajesh Pillai,"No. 166, 4th Main Road, Indiranagar, Bengaluru - 560011",560011,KARNATAKA,Bengaluru Urban,9193999827,,27495,manufacturing,14/05/2003,20/09/2026,Active
UDYAM-KA-14-3915257,Pillai Manufacturing,Divya Pillai,"No. 58, 1st Cross, Koramangala, Bengaluru - 560040",560040,Karnataka,Bengaluru Urban,9513373513,divya.pillai@outlook.com,60902,trading,31-08-2005,,Inactive
UDYAM-KA-25-4997098,Mishra Services,Seema Mishra,"No. 302, 4th Street, Mahadevapura, Bengaluru - 560055",560055,KARNATAKA,Bengaluru Urban,,seema.mishra@rediffmail.com,28866,construction,2017-01-16,26/06/2020,Inactive
UDYAM-KA-27-2758976,Reddy Technologies,Raghav Reddy,"No. 168, 3rd Main Road, Koramangala, Bengaluru - 560047",560047,KARNATAKA,Bengaluru Urban,8342923184,,34712,manufacturing,10/05/2009,,Active
UDYAM-KA-05-9816003,Verma Constructions,Pooja Verma,"No. 426, 4th Street, Electronic City, Bengaluru - 560092",560092,KARNATAKA,Bengaluru Rural,8807420109,,60940,technology,2011-05-13,15/07/2023,Inactive
UDYAM-KA-05-8754004,Jain Enterprises,Kiran Jain,"No. 186, 3rd Cross, KR Puram, Bengaluru - 560048",560048,KARNATAKA,Bengaluru Urban,7442761236,,92523,services,2013-08-03,23/09/2025,Active
UDYAM-KA-13-4901156,Hegde Pvt Ltd,Pooja Hegde,"No. 314, 5th Layout, Sarjapur Road, Bengaluru - 560053",560053,Karnataka,Bengaluru Urban,9123226248,pooja.hegde@rediffmail.com,13521,technology,13/03/2020,2025-01-24,Active
UDYAM-KA-04-4743033,Naidu Solutions,Lakshmi Naidu,"No. 103, 3rd Avenue, Mahadevapura, Bengaluru - 560025",560025,Karnataka,Bengaluru Urban,7720429306,,23498,technology,2006-09-09,,Inactive
UDYAM-KA-12-9583469,Singh Solutions,Mohan Singh,"No. 182, 2nd Street, Bellandur, Bengaluru - 560094",,KARNATAKA,Bengaluru Urban,6937102756,mohan.singh@yahoo.co.in,44848,construction,18/07/2017,25-08-2024,Inactive
UDYAM-KA-23-8720434,Jain & Co.,Ajay Jain,"No. 284, 3rd Street, Varthur, Bengaluru - 560095",560095,Karnataka,Bengaluru Rural,7025974257,,44320,trading,06/11/2008,05/07/2026,Active
UDYAM-KA-03-2663445,Singh Traders,Ramesh Singh,"No. 269, 3rd Layout, Koramangala, Bengaluru - 560037",560037,KARNATAKA,Bengaluru Urban,7148141086,,97380,trading,03/02/2021,2021-04-28,Inactive
UDYAM-KA-04-4721895,Singh & Co.,Ajay Singh,"No. 306, 5th Street, Varthur, Bengaluru - 560022",,KARNATAKA,Bengaluru Rural,7387659741,,17172,manufacturing,03-12-2013,22/04/2026,Active
UDYAM-KA-16-3632438,Kamath Agency,Pooja Kamath,"No. 434, 2nd Layout, Malleshwaram, Bengaluru - 560008",,KARNATAKA,Bengaluru Rural,8480183746,,61110,trading,20/10/2018,18-02-2024,Inactive
UDYAM-KA-15-8546565,Patil Constructions,Pramod Patil,"No. 116, 2nd Layout, Basavanagudi, Bengaluru - 560050",560050,KARNATAKA,Bengaluru Urban,6825453957,,13148,technology,2003-08-04,23/06/2024,Inactive
UDYAM-KA-01-3535839,Pandey Engineers,Priya Pandey,"No. 314, 3rd Main Road, Basavanagudi, Bengaluru - 560043",560043,KARNATAKA,Bengaluru Rural,8293144734,,77675,services,18-11-2005,13-04-2023,Inactive
UDYAM-KA-14-6995995,Gupta Technologies,Neha Gupta,"No. 339, 2nd Extension, Basavanagudi, Bengaluru - 560055",560055,KARNATAKA,Bengaluru Urban,6679068230,,19997,construction,03-06-2008,10/04/2022,Inactive
UDYAM-KA-02-4134709,Swamy Technologies,Krishna Swamy,"No. 160, 2nd Main Road, MG Road, Bengaluru - 560005",560005,Karnataka,Bengaluru Urban,6304135269,,74860,trading,18/09/2013,17/02/2026,Active
UDYAM-KA-10-9286479,Naidu & Sons,Pramod Naidu,"No. 227, 4th Road, JP Nagar, Bengaluru - 560043",560043,Karnataka,Bengaluru Urban,,,19535,technology,27/01/2021,,Active
UDYAM-KA-16-9487084,Jain Traders,Kavita Jain,"No. 464, 2nd Extension, Mahadevapura, Bengaluru - 560085",560085,Karnataka,Bengaluru Urban,9458244048,kavita.jain@yahoo.co.in,22310,trading,22-12-2009,11/01/2020,Inactive
UDYAM-KA-15-5302633,Naidu Works,Suresh Naidu,"No. 212, 1st Extension, JP Nagar, Bengaluru - 560009",560009,Karnataka,Bengaluru Urban,9796856438,,99188,construction,22-03-2021,2024-04-08,Inactive
UDYAM-KA-07-3845465,Prasad Corporation,Ritu Prasad,"No. 55, 1st Road, Brookefield, Bengaluru - 560017",560017,KARNATAKA,Bengaluru Rural,9750464988,,97416,services,27/07/2012,2026-08-14,Active
UDYAM-KA-19-8191627,Reddy Brothers,Deepa Reddy,"No. 439, 5th Street, Banashankari, Bengaluru - 560052",560052,KARNATAKA,Bengaluru Urban,6389365286,,10265,services,2000-05-10,18/08/2021,Inactive
UDYAM-KA-17-9322183,Menon Associates,Rekha Menon,"No. 191, 4th Road, HSR Layout, Bengaluru - 560050",560050,Karnataka,Bengaluru Urban,,,78570,construction,27/08/2018,14/07/2025,Active
UDYAM-KA-10-5320287,Murthy Industries,Rohan Murthy,"No. 387, 4th Cross, Varthur, Bengaluru - 560048",560048,KARNATAKA,Bengaluru Urban,8757149895,rohan.murthy@rediffmail.com,87318,manufacturing,2006-07-13,2024-06-13,Inactive
UDYAM-KA-10-8237736,Menon Associates,Vijay Menon,"No. 202, 3rd Road, ITPL Main Road, Bengaluru - 560038",560038,KARNATAKA,Bengaluru Urban,8659474268,,64292,construction,2013-08-01,07-06-2025,Active
UDYAM-KA-08-9296386,Naidu Mills,Rohan Naidu,"No. 418, 2nd Cross, Brookefield, Bengaluru - 560097",560097,Karnataka,Bengaluru Rural,6560693689,,88213,construction,25/09/2021,25/03/2023,Inactive
UDYAM-KA-13-2048737,Deshmukh Services,Manoj Deshmukh,"No. 351, 2nd Extension, MG Road, Bengaluru - 560009",560009,KARNATAKA,Bengaluru Urban,,manoj.deshmukh@outlook.com,25456,services,2013-02-27,08/09/2026,Active
UDYAM-KA-02-1277336,Mehta Engineers,Ramesh Mehta,"No. 235, 2nd Extension, Rajajinagar, Bengaluru - 560098",560098,Karnataka,Bengaluru Urban,6621277075,,62711,construction,2007-07-19,2026-05-01,Active
UDYAM-KA-22-3112948,Pandey Industries,Priya Pandey,"No. 408, 1st Main Road, Koramangala, Bengaluru - 560008",560008,KARNATAKA,Bengaluru Rural,6897610402,,31430,trading,2003-12-04,,Active
UDYAM-KA-21-8335729,Prasad Manufacturing,Mahesh Prasad,"No. 1, 5th Avenue, Banashankari, Bengaluru - 560098",560098,KARNATAKA,Bengaluru Urban,,mahesh.prasad@rediffmail.com,46598,construction,2005-09-16,24-01-2026,Active
UDYAM-KA-13-8705126,Gupta Agency,Arun Gupta,"No. 106, 4th Cross, Whitefield, Bengaluru - 560085",560085,KARNATAKA,Bengaluru Urban,8494241787,arun.gupta@rediffmail.com,88382,services,14/12/2004,2025-10-14,Active
UDYAM-KA-17-0688162,Rao Constructions,Ritu Rao,"No. 471, 3rd Cross, Mahadevapura, Bengaluru - 560055",560055,KARNATAKA,Bengaluru Rural,7825462675,,82712,trading,22-06-2000,,Active
UDYAM-KA-02-0513811,Verma Exports,Sohan Verma,"No. 452, 4th Layout, Peenya, Bengaluru - 560048",560048,KARNATAKA,Bengaluru Urban,6732308705,sohan.verma@outlook.com,65562,trading,19/10/2008,2026-08-07,Active
UDYAM-KA-17-8662090,Shah Agency,Anita Shah,"No. 185, 5th Avenue, Rajajinagar, Bengaluru - 560045",560045,KARNATAKA,Bengaluru Rural,9873260164,anita.shah@gmail.com,47249,services,29/11/2003,2025-11-18,Active
UDYAM-KA-06-7520469,Swamy Brothers,Neha Swamy,"No. 59, 3rd Street, Yelahanka, Bengaluru - 560025",560025,Karnataka,Bengaluru Rural,,,93470,services,2005-04-15,07/07/2025,Active
UDYAM-KA-24-8795419,Menon Corporation,Ganesh Menon,"No. 221, 3rd Street, Brookefield, Bengaluru - 560038",,KARNATAKA,Bengaluru Urban,,,15184,technology,2019-10-04,2021-04-23,Inactive
UDYAM-KA-21-4604581,Reddy Technologies,Priya Reddy,"No. 372, 1st Cross, Peenya, Bengaluru - 560050",560050,Karnataka,Bengaluru Rural,6417770997,,92531,trading,07-12-2010,19-01-2024,Inactive
UDYAM-KA-06-4771114,Swamy Agency,Sanjay Swamy,"No. 394, 3rd Cross, Koramangala, Bengaluru - 560003",560003,KARNATAKA,Bengaluru Rural,6878041834,sanjay.swamy@yahoo.co.in,23997,services,2002-08-11,,Active
UDYAM-KA-21-6909698,Sharma Pvt Ltd,Mukesh Sharma,"No. 205, 3rd Street, Brookefield, Bengaluru - 560038",560038,KARNATAKA,Bengaluru Rural,6557002893,mukesh.sharma@rediffmail.com,22597,services,22/09/2008,,Inactive
UDYAM-KA-05-0129314,Singh Brothers,Deepa Singh,"No. 415, 4th Layout, Hoodi, Bengaluru - 560060",560060,Karnataka,Bengaluru Rural,8218791751,,54991,construction,05/01/2020,06/10/2025,Active
UDYAM-KA-06-2348928,Tiwari Industries,Raghav Tiwari,"No. 244, 1st Cross, BTM Layout, Bengaluru - 560050",560050,KARNATAKA,Bengaluru Rural,,raghav.tiwari@rediffmail.com,46113,services,21-01-2013,2026-04-11,Active
UDYAM-KA-16-5481824,Agarwal Associates,Mukesh Agarwal,"No. 128, 5th Street, Electronic City, Bengaluru - 560010",560010,KARNATAKA,Bengaluru Urban,6734726871,mukesh.agarwal@outlook.com,86404,trading,26/08/2017,,Inactive
UDYAM-KA-09-1548025,Prasad Works,Rekha Prasad,"No. 375, 5th Avenue, Rajajinagar, Bengaluru - 560062",,KARNATAKA,Bengaluru Urban,6101115967,rekha.prasad@gmail.com,24333,services,2014-06-01,13-10-2026,Active
UDYAM-KA-26-1707583,Gowda & Sons,Divya Gowda,"No. 322, 1st Extension, Brookefield, Bengaluru - 560030",560030,KARNATAKA,Bengaluru Urban,9699626476,,50298,trading,2021-06-29,2026-01-04,Active
UDYAM-KA-25-7432245,Shetty Engineers,Lakshmi Shetty,"No. 391, 1st Road, Bellandur, Bengaluru - 560045",560045,Karnataka,Bengaluru Urban,6091494998,lakshmi.shetty@rediffmail.com,10910,services,09-03-2004,26/03/2025,Active
UDYAM-KA-16-8918108,Singh Pvt Ltd,Arun Singh,"No. 288, 1st Road, Yelahanka, Bengaluru - 560066",560066,KARNATAKA,Bengaluru Urban,7331336295,,72669,trading,27-04-2001,2021-04-06,Inactive
UDYAM-KA-20-7790690,Murthy Manufacturing,Pramod Murthy,"No. 426, 4th Road, Whitefield, Bengaluru - 560066",560066,Karnataka,Bengaluru Urban,6894333023,,19124,trading,2006-03-04,29-04-2026,Active
UDYAM-KA-04-4826779,Menon Works,Lakshmi Menon,"No. 52, 1st Road, Brookefield, Bengaluru - 560095",560095,KARNATAKA,Bengaluru Rural,9670273592,,88440,construction,07/04/2019,18/12/2025,Active
UDYAM-KA-09-3962710,Shenoy Pvt Ltd,Nagaraj Shenoy,"No. 44, 2nd Extension, Malleshwaram, Bengaluru - 560003",560003,KARNATAKA,Bengaluru Urban,6743671580,,93368,manufacturing,08/07/2007,05/11/2025,Active
UDYAM-KA-18-6878498,Nair Enterprises,Arun Nair,"No. 57, 3rd Extension, JP Nagar, Bengaluru - 560085",560085,Karnataka,Bengaluru Rural,8565650102,,14279,technology,09-08-2008,,Active
UDYAM-KA-04-3803692,Sharma & Sons,Ramesh Sharma,"No. 22, 3rd Extension, Peenya, Bengaluru - 560041",560041,KARNATAKA,Bengaluru Urban,7520734552,,38874,construction,05/12/2005,09-08-2026,Active
UDYAM-KA-30-9382581,Shah Engineers,Arun Shah,"No. 7, 5th Street, Indiranagar, Bengaluru - 560009",560009,KARNATAKA,Bengaluru Urban,8915346110,,81699,trading,20-07-2019,02/01/2022,Inactive
UDYAM-KA-22-2447947,Jain Technologies,Rekha Jain,"No. 318, 1st Avenue, Yelahanka, Bengaluru - 560043",560043,KARNATAKA,Bengaluru Rural,9413564474,rekha.jain@yahoo.co.in,66356,manufacturing,2001-05-20,2025-10-09,Active
UDYAM-KA-29-4018996,Kamath Works,Sanjay Kamath,"No. 23, 2nd Road, Brookefield, Bengaluru - 560068",560068,KARNATAKA,Bengaluru Rural,6533388926,,52665,services,18/05/2007,04-10-2026,Active
UDYAM-KA-12-8270946,Hegde Brothers,Seema Hegde,"No. 340, 4th Main Road, Varthur, Bengaluru - 560092",560092,KARNATAKA,Bengaluru Urban,7563179990,seema.hegde@outlook.com,79877,technology,25/10/2000,08/08/2025,Active
UDYAM-KA-19-0011119,Shenoy Enterprises,Sunita Shenoy,"No. 116, 4th Layout, Marathahalli, Bengaluru - 560094",560094,KARNATAKA,Bengaluru Rural,7385296417,sunita.shenoy@gmail.com,98405,trading,2004-12-18,17/05/2025,Active
UDYAM-KA-05-8721165,Tiwari Engineers,Vijay Tiwari,"No. 357, 4th Main Road, JP Nagar, Bengaluru - 560053",560053,KARNATAKA,Bengaluru Rural,,,16497,trading,20-03-2004,2026-09-13,Active
UDYAM-KA-23-3964500,Gowda Solutions,Sunil Gowda,"No. 208, 5th Street, Electronic City, Bengaluru - 560041",560041,Karnataka,Bengaluru Rural,9693294493,,15184,technology,06-02-2011,25-03-2023,Inactive
UDYAM-KA-05-7451758,Bhat Corporation,Pramod Bhat,"No. 400, 2nd Street, MG Road, Bengaluru - 560011",560011,KARNATAKA,Bengaluru Rural,6295917562,pramod.bhat@rediffmail.com,48701,construction,28-10-2002,2020-08-07,Inactive
UDYAM-KA-02-2349036,Patil Associates,Rekha Patil,"No. 85, 3rd Layout, ITPL Main Road, Bengaluru - 560001",560001,KARNATAKA,Bengaluru Urban,6830154221,,61730,manufacturing,21-05-2015,2025-01-03,Active
UDYAM-KA-12-3674287,Prasad Traders,Sohan Prasad,"No. 370, 2nd Street, Brookefield, Bengaluru - 560095",560095,KARNATAKA,Bengaluru Urban,9345702711,,73980,technology,2012-03-23,09/05/2026,Active
UDYAM-KA-11-0153517,Singh Engineers,Sanjay Singh,"No. 204, 2nd Main Road, Electronic City, Bengaluru - 560066",560066,KARNATAKA,Bengaluru Urban,7233872183,,42278,construction,26-12-2019,,Inactive
UDYAM-KA-17-0079985,Mehta & Sons,Nagaraj Mehta,"No. 259, 5th Layout, Yelahanka, Bengaluru - 560040",560040,Karnataka,Bengaluru Urban,9867724234,,24837,manufacturing,22/02/2019,2024-01-19,Inactive
UDYAM-KA-08-6682706,Jain Corporation,Neha Jain,"No. 396, 3rd Main Road, Mahadevapura, Bengaluru - 560073",560073,KARNATAKA,Bengaluru Rural,8954255716,,84129,manufacturing,04-02-2017,03/03/2026,Active
UDYAM-KA-27-8371622,Shenoy Works,Rekha Shenoy,"No. 363, 3rd Main Road, HSR Layout, Bengaluru - 560079",560079,KARNATAKA,Bengaluru Urban,,,67162,manufacturing,19/08/2012,,Inactive
UDYAM-KA-09-9363141,Agarwal Corporation,Seema Agarwal,"No. 107, 4th Cross, Varthur, Bengaluru - 560040",560040,Karnataka,Bengaluru Rural,,seema.agarwal@yahoo.co.in,96714,trading,25-11-2012,29-03-2026,Active
UDYAM-KA-26-1108791,Pillai Agency,Kavita Pillai,"No. 59, 1st Street, Hebbal, Bengaluru - 560095",560095,Karnataka,Bengaluru Rural,,kavita.pillai@rediffmail.com,27637,technology,06-07-2012,2023-09-09,Inactive
UDYAM-KA-02-4689805,Gupta & Co.,Rekha Gupta,"No. 364, 5th Avenue, Yelahanka, Bengaluru - 560071",,KARNATAKA,Bengaluru Urban,8135088354,,98732,manufacturing,13/10/2011,2022-08-25,Inactive
UDYAM-KA-15-2649654,Reddy Pvt Ltd,Neha Reddy,"No. 301, 2nd Avenue, BTM Layout, Bengaluru - 560002",560002,Karnataka,Bengaluru Rural,,,26127,technology,2002-05-29,19/03/2025,Active
UDYAM-KA-14-7784809,Kamath Solutions,Anita Kamath,"No. 32, 2nd Main Road, MG Road, Bengaluru - 560010",560010,KARNATAKA,Bengaluru Urban,6366528009,,40704,services,2014-11-15,,Active
UDYAM-KA-13-6416442,Pandey Technologies,Ramesh Pandey,"No. 103, 3rd Avenue, Jayanagar, Bengaluru - 560094",560094,KARNATAKA,Bengaluru Urban,7610725346,,38229,technology,28-08-2010,13/12/2024,Inactive
UDYAM-KA-25-0553933,Verma Agency,Manoj Verma,"No. 380, 4th Cross, Yelahanka, Bengaluru - 560085",560085,Karnataka,Bengaluru Rural,8775851056,,15409,construction,2019-09-03,26/08/2026,Active
UDYAM-KA-10-7251125,Bhat Pvt Ltd,Seema Bhat,"No. 258, 4th Cross, BTM Layout, Bengaluru - 560076",560076,KARNATAKA,Bengaluru Urban,,,22787,manufacturing,20/06/2020,29/12/2024,Inactive
UDYAM-KA-09-9303308,Murthy Industries,Nagaraj Murthy,"No. 152, 3rd Extension, Yelahanka, Bengaluru - 560017",560017,Karnataka,Bengaluru Rural,6063108727,,38601,services,26-04-2022,17/10/2025,Active
UDYAM-KA-03-1036735,Shetty Enterprises,Arun Shetty,"No. 357, 2nd Avenue, MG Road, Bengaluru - 560010",,KARNATAKA,Bengaluru Urban,,arun.shetty@outlook.com,53540,manufacturing,2007-06-14,,Inactive
UDYAM-KA-05-3090462,Hegde Pvt Ltd,Mahesh Hegde,"No. 468, 4th Main Road, ITPL Main Road, Bengaluru - 560071",560071,KARNATAKA,Bengaluru Rural,8472035918,,73165,construction,11/11/2020,15/11/2023,Inactive
UDYAM-KA-13-9092655,Rao Manufacturing,Kavita Rao,"No. 459, 2nd Road, Bommanahalli, Bengaluru - 560076",560076,KARNATAKA,Bengaluru Rural,8197184717,kavita.rao@yahoo.co.in,84736,construction,04-04-2012,12/07/2023,Inactive
UDYAM-KA-26-4813135,Shah Associates,Divya Shah,"No. 216, 5th Main Road, Banashankari, Bengaluru - 560008",560008,Karnataka,Bengaluru Rural,8880125971,,37239,construction,2007-06-28,27/06/2026,Active
UDYAM-KA-03-6460416,Shah Manufacturing,Raghav Shah,"No. 473, 3rd Road, Yelahanka, Bengaluru - 560048",560048,KARNATAKA,Bengaluru Rural,8809788555,raghav.shah@outlook.com,19391,services,11-09-2011,26-10-2025,Active
UDYAM-KA-10-7400299,Murthy Solutions,Varun Murthy,"No. 403, 3rd Avenue, JP Nagar, Bengaluru - 560066",560066,KARNATAKA,Bengaluru Urban,8368846023,varun.murthy@gmail.com,25729,construction,06-11-2012,2020-04-27,Inactive
UDYAM-KA-25-5918059,Reddy Works,Suresh Reddy,"No. 93, 4th Road, Banashankari, Bengaluru - 560045",560045,KARNATAKA,Bengaluru Rural,6210112034,suresh.reddy@yahoo.co.in,95562,manufacturing,2014-08-04,01/03/2025,Active
UDYAM-KA-14-7058514,Gupta Traders,Krishna Gupta,"No. 2, 2nd Main Road, Electronic City, Bengaluru - 560029",560029,KARNATAKA,Bengaluru Urban,8140091844,krishna.gupta@rediffmail.com,92877,technology,19-10-2010,30-01-2026,Active
UDYAM-KA-02-9542904,Sharma Technologies,Pooja Sharma,"No. 180, 4th Main Road, Electronic City, Bengaluru - 560037",560037,KARNATAKA,Bengaluru Urban,,,99763,technology,28-11-2012,15/07/2026,Active
UDYAM-KA-07-8358432,Swamy Constructions,Varun Swamy,"No. 447, 2nd Extension, Indiranagar, Bengaluru - 560047",560047,KARNATAKA,Bengaluru Rural,,varun.swamy@gmail.com,17259,trading,31/10/2004,,Inactive
UDYAM-KA-30-1664721,Singh Solutions,Mukesh Singh,"No. 316, 4th Road, MG Road, Bengaluru - 560092",560092,Karnataka,Bengaluru Rural,9658682751,mukesh.singh@outlook.com,66124,manufacturing,23/10/2020,2022-03-21,Inactive
UDYAM-KA-27-8016546,Bhat Manufacturing,Nagaraj Bhat,"No. 52, 2nd Cross, Rajajinagar, Bengaluru - 560078",560078,Karnataka,Bengaluru Urban,7105295618,,97597,manufacturing,02/10/2012,,Active
UDYAM-KA-12-9827653,Gowda Engineers,Raghav Gowda,"No. 161, 1st Road, Hoodi, Bengaluru - 560004",560004,KARNATAKA,Bengaluru Rural,8058008495,raghav.gowda@gmail.com,46762,technology,21-10-2018,20/06/2026,Active
UDYAM-KA-14-3702233,Patil Technologies,Ajay Patil,"No. 232, 3rd Extension, Bellandur, Bengaluru - 560029",560029,Karnataka,Bengaluru Rural,7275479589,,49297,trading,2005-05-14,,Active
UDYAM-KA-01-4107754,Murthy Enterprises,Sunita Murthy,"No. 41, 2nd Road, Whitefield, Bengaluru - 560048",560048,KARNATAKA,Bengaluru Urban,6117762437,sunita.murthy@gmail.com,78678,trading,2006-12-29,06-03-2020,Inactive
UDYAM-KA-05-4081725,Rao Enterprises,Arun Rao,"No. 351, 4th Avenue, Peenya, Bengaluru - 560068",560068,Karnataka,Bengaluru Urban,,,86774,construction,14/11/2018,21/12/2022,Inactive
UDYAM-KA-28-6377000,Singh & Sons,Sanjay Singh,"No. 340, 2nd Avenue, MG Road, Bengaluru - 560066",560066,Karnataka,Bengaluru Urban,8419697432,sanjay.singh@outlook.com,78830,services,10/11/2011,2026-11-16,Active
UDYAM-KA-16-9290287,Patil Brothers,Rajesh Patil,"No. 71, 3rd Cross, Marathahalli, Bengaluru - 560004",560004,KARNATAKA,Bengaluru Urban,9717492092,rajesh.patil@outlook.com,53315,construction,26/05/2004,2021-09-28,Inactive
UDYAM-KA-05-0691962,Pai & Sons,Divya Pai,"No. 163, 4th Extension, Jayanagar, Bengaluru - 560038",560038,KARNATAKA,Bengaluru Rural,9442829625,,59923,trading,31/03/2018,14-10-2026,Active
UDYAM-KA-23-7180150,Jain Technologies,Suresh Jain,"No. 404, 3rd Cross, Mahadevapura, Bengaluru - 560043",560043,Karnataka,Bengaluru Rural,7496109906,suresh.jain@rediffmail.com,38992,technology,2015-06-07,2026-08-20,Active
UDYAM-KA-07-4484289,Kumar Manufacturing,Arun Kumar,"No. 230, 1st Street, Varthur, Bengaluru - 560034",560034,Karnataka,Bengaluru Urban,,,54325,trading,15/07/2006,22/12/2023,Inactive
UDYAM-KA-30-4175969,Gowda & Co.,Ritu Gowda,"No. 328, 2nd Avenue, BTM Layout, Bengaluru - 560025",560025,KARNATAKA,Bengaluru Urban,7146468532,,59728,services,2020-05-18,04-01-2025,Active
UDYAM-KA-07-1533210,Kumar & Co.,Suresh Kumar,"No. 421, 2nd Street, Malleshwaram, Bengaluru - 560001",560001,KARNATAKA,Bengaluru Urban,8908670583,suresh.kumar@yahoo.co.in,30268,technology,20/09/2017,2025-08-07,Active
UDYAM-KA-26-9693143,Pillai Services,Pooja Pillai,"No. 151, 2nd Avenue, Basavanagudi, Bengaluru - 560045",560045,KARNATAKA,Bengaluru Rural,,,90241,construction,2012-09-07,06-02-2022,Inactive
UDYAM-KA-14-9707205,Iyer Traders,Ganesh Iyer,"No. 495, 4th Avenue, Indiranagar, Bengaluru - 560037",560037,KARNATAKA,Bengaluru Rural,9082495854,ganesh.iyer@rediffmail.com,52979,manufacturing,16-12-2021,,Active
UDYAM-KA-27-0909940,Swamy Services,Pramod Swamy,"No. 192, 5th Cross, Bommanahalli, Bengaluru - 560094",560094,KARNATAKA,Bengaluru Rural,9965102373,pramod.swamy@rediffmail.com,73283,manufacturing,2000-07-18,30-09-2025,Active
UDYAM-KA-12-1990335,Swamy Constructions,Ajay Swamy,"No. 373, 2nd Avenue, Whitefield, Bengaluru - 560068",560068,KARNATAKA,Bengaluru Urban,,,37363,manufacturing,2000-09-13,14-04-2025,Active
UDYAM-KA-09-2323360,Rao Associates,Deepa Rao,"No. 279, 5th Layout, Sarjapur Road, Bengaluru - 560060",560060,KARNATAKA,Bengaluru Urban,6283767032,deepa.rao@yahoo.co.in,94480,services,10/03/2018,30/03/2025,Active
UDYAM-KA-06-2472027,Menon Agency,Ajay Menon,"No. 270, 2nd Street, Hoodi, Bengaluru - 560009",560009,Karnataka,Bengaluru Urban,9308760201,ajay.menon@gmail.com,98975,manufacturing,07-03-2015,23/05/2025,Active
UDYAM-KA-24-0104898,Pandey Corporation,Arun Pandey,"No. 78, 4th Avenue, Hebbal, Bengaluru - 560037",560037,KARNATAKA,Bengaluru Urban,6218987005,arun.pandey@yahoo.co.in,27482,services,04-10-2018,,Active
UDYAM-KA-17-4887316,Tiwari Engineers,Mahesh Tiwari,"No. 459, 2nd Layout, HSR Layout, Bengaluru - 560029",560029,Karnataka,Bengaluru Urban,,,88642,services,05/11/2001,,Active
UDYAM-KA-10-7596448,Pandey & Co.,Priya Pandey,"No. 227, 3rd Extension, Peenya, Bengaluru - 560011",560011,KARNATAKA,Bengaluru Rural,6349490701,priya.pandey@rediffmail.com,41297,services,22/12/2022,11-07-2026,Active
UDYAM-KA-24-2618253,Nair Exports,Sanjay Nair,"No. 422, 2nd Layout, Banashankari, Bengaluru - 560079",560079,KARNATAKA,Bengaluru Urban,8997818114,,18834,construction,23-11-2011,27/01/2025,Active
UDYAM-KA-16-6714260,Pandey Agency,Mohan Pandey,"No. 144, 3rd Road, MG Road, Bengaluru - 560011",560011,KARNATAKA,Bengaluru Urban,7336367861,,38787,trading,28/11/2019,,Active
UDYAM-KA-28-8727844,Mehta Constructions,Krishna Mehta,"No. 162, 4th Extension, Whitefield, Bengaluru - 560048",560048,Karnataka,Bengaluru Urban,,,29127,services,2002-11-12,15-04-2025,Active
UDYAM-KA-27-0822258,Kamath Enterprises,Lakshmi Kamath,"No. 206, 4th Avenue, Bellandur, Bengaluru - 560092",560092,KARNATAKA,Bengaluru Urban,7471895778,lakshmi.kamath@rediffmail.com,44229,manufacturing,08-01-2019,2024-11-21,Inactive
UDYAM-KA-19-6798105,Iyer Mills,Manoj Iyer,"No. 440, 4th Main Road, Peenya, Bengaluru - 560018",560018,KARNATAKA,Bengaluru Urban,8098193204,,37533,services,08/08/2006,13-10-2020,Inactive
UDYAM-KA-07-6311495,Kulkarni Agency,Pooja Kulkarni,"No. 160, 3rd Avenue, Basavanagudi, Bengaluru - 560018",560018,KARNATAKA,Bengaluru Urban,9170044642,pooja.kulkarni@gmail.com,98653,trading,21/12/2004,30/08/2024,Inactive
UDYAM-KA-05-0703543,Nair & Co.,Nagaraj Nair,"No. 451, 5th Cross, KR Puram, Bengaluru - 560038",560038,KARNATAKA,Bengaluru Urban,,,11972,trading,2004-04-21,2026-06-05,Active
UDYAM-KA-22-4247901,Pillai & Sons,Anita Pillai,"No. 107, 4th Layout, Basavanagudi, Bengaluru - 560085",560085,Karnataka,Bengaluru Rural,6743333722,anita.pillai@yahoo.co.in,27124,technology,20/04/2016,23/02/2026,Active
UDYAM-KA-12-7034796,Singh Exports,Sunil Singh,"No. 489, 1st Layout, Yelahanka, Bengaluru - 560018",560018,KARNATAKA,Bengaluru Urban,,sunil.singh@rediffmail.com,28367,services,13-05-2021,20-05-2025,Active
UDYAM-KA-25-1570041,Reddy Solutions,Nagaraj Reddy,"No. 160, 1st Extension, Hoodi, Bengaluru - 560094",560094,KARNATAKA,Bengaluru Rural,8312341120,nagaraj.reddy@gmail.com,10179,services,18-09-2015,,Active
UDYAM-KA-11-4895148,Pai Constructions,Rohan Pai,"No. 396, 2nd Cross, Peenya, Bengaluru - 560008",560008,KARNATAKA,Bengaluru Urban,6295644356,rohan.pai@gmail.com,98825,trading,2016-02-05,02/05/2026,Active
UDYAM-KA-01-0704532,Bhat Traders,Sunita Bhat,"No. 46, 2nd Main Road, Brookefield, Bengaluru - 560048",560048,Karnataka,Bengaluru Rural,9639703151,sunita.bhat@outlook.com,83754,services,31/07/2015,22-01-2023,Inactive
UDYAM-KA-24-0599322,Swamy Corporation,Rajesh Swamy,"No. 393, 3rd Extension, Electronic City, Bengaluru - 560043",560043,KARNATAKA,Bengaluru Urban,,,40165,services,2011-02-18,2025-02-13,Active
UDYAM-KA-18-9940561,Iyer Corporation,Seema Iyer,"No. 259, 1st Street, Banashankari, Bengaluru - 560100",560100,KARNATAKA,Bengaluru Urban,,,52295,technology,28/06/2010,14-11-2026,Active
UDYAM-KA-21-1728521,Agarwal Manufacturing,Vinod Agarwal,"No. 236, 3rd Main Road, Basavanagudi, Bengaluru - 560050",560050,KARNATAKA,Bengaluru Rural,7683156836,,55617,trading,2021-08-10,,Active
UDYAM-KA-02-0201700,Shenoy Brothers,Pooja Shenoy,"No. 50, 1st Street, Indiranagar, Bengaluru - 560041",560041,KARNATAKA,Bengaluru Urban,7387562250,,67212,services,2005-05-25,2026-11-02,Active
UDYAM-KA-27-7563219,Swamy Corporation,Kiran Swamy,"No. 234, 2nd Road, Varthur, Bengaluru - 560097",560097,Karnataka,Bengaluru Rural,7018095025,kiran.swamy@outlook.com,29573,construction,16/04/2002,2023-03-16,Inactive
UDYAM-KA-22-1723146,Nair Mills,Krishna Nair,"No. 338, 1st Cross, Electronic City, Bengaluru - 560102",560102,KARNATAKA,Bengaluru Rural,9876210248,krishna.nair@gmail.com,36595,construction,20-09-2008,21/05/2024,Inactive
UDYAM-KA-14-1567141,Shenoy Solutions,Kiran Shenoy,"No. 499, 4th Avenue, Rajajinagar, Bengaluru - 560011",560011,KARNATAKA,Bengaluru Rural,7760494453,kiran.shenoy@gmail.com,76532,technology,11/12/2002,,Inactive
UDYAM-KA-02-4947746,Kumar Associates,Sohan Kumar,"No. 176, 2nd Layout, Koramangala, Bengaluru - 560009",560009,KARNATAKA,Bengaluru Urban,9580564091,,84853,services,17/07/2004,14/07/2025,Active
UDYAM-KA-07-3342126,Pillai Services,Neha Pillai,"No. 421, 3rd Extension, Brookefield, Bengaluru - 560002",560002,Karnataka,Bengaluru Urban,9031352803,neha.pillai@yahoo.co.in,13440,manufacturing,2021-08-23,08-12-2026,Active
UDYAM-KA-18-3479249,Verma Exports,Arun Verma,"No. 347, 4th Cross, Peenya, Bengaluru - 560045",560045,Karnataka,Bengaluru Rural,6616786167,,54532,services,2007-10-12,26-10-2023,Inactive
UDYAM-KA-23-2515764,Menon Industries,Pramod Menon,"No. 321, 4th Extension, Indiranagar, Bengaluru - 560103",560103,Karnataka,Bengaluru Urban,9993867080,pramod.menon@outlook.com,84771,manufacturing,03-07-2002,26/01/2026,Active
UDYAM-KA-25-8542621,Patel Pvt Ltd,Krishna Patel,"No. 88, 3rd Road, MG Road, Bengaluru - 560050",560050,Karnataka,Bengaluru Urban,6172112825,,69895,construction,02/09/2009,18/09/2026,Active
UDYAM-KA-09-6382896,Kamath Exports,Sunil Kamath,"No. 288, 5th Layout, JP Nagar, Bengaluru - 560040",560040,Karnataka,Bengaluru Urban,7141105749,sunil.kamath@outlook.com,44535,trading,16/12/2021,2026-08-26,Active
UDYAM-KA-20-4364724,Hegde Industries,Sanjay Hegde,"No. 61, 1st Street, KR Puram, Bengaluru - 560018",560018,KARNATAKA,Bengaluru Rural,,sanjay.hegde@outlook.com,35106,services,01/09/2009,,Inactive
UDYAM-KA-17-5720568,Agarwal Engineers,Anita Agarwal,"No. 405, 3rd Main Road, Electronic City, Bengaluru - 560041",560041,KARNATAKA,Bengaluru Rural,7970341972,,59540,services,2010-09-02,21-11-2025,Active
UDYAM-KA-14-2378938,Iyer Solutions,Neha Iyer,"No. 256, 3rd Street, Whitefield, Bengaluru - 560003",560003,Karnataka,Bengaluru Rural,6286723839,neha.iyer@yahoo.co.in,17268,technology,2002-05-21,2025-08-24,Active
UDYAM-KA-11-0765520,Agarwal Agency,Manoj Agarwal,"No. 449, 2nd Extension, KR Puram, Bengaluru - 560030",560030,KARNATAKA,Bengaluru Urban,9963607807,,40104,technology,17-03-2002,2026-07-03,Active
UDYAM-KA-21-7601791,Mehta Engineers,Anita Mehta,"No. 411, 3rd Cross, Jayanagar, Bengaluru - 560029",560029,Karnataka,Bengaluru Urban,9560227302,anita.mehta@outlook.com,82583,construction,2006-11-30,,Active
UDYAM-KA-06-9652213,Gowda Industries,Deepa Gowda,"No. 414, 1st Layout, Hebbal, Bengaluru - 560071",560071,Karnataka,Bengaluru Urban,6466510180,deepa.gowda@outlook.com,81985,technology,15-12-2010,24-06-2024,Inactive
UDYAM-KA-07-9880733,Kamath Enterprises,Sohan Kamath,"No. 308, 3rd Layout, Banashankari, Bengaluru - 560103",560103,KARNATAKA,Bengaluru Urban,7559282253,,24223,manufacturing,2021-11-14,06/06/2026,Active
UDYAM-KA-17-4907159,Patel Technologies,Anita Patel,"No. 441, 1st Layout, Whitefield, Bengaluru - 560066",560066,Karnataka,Bengaluru Urban,8278322048,anita.patel@outlook.com,59303,manufacturing,05/10/2016,,Active
UDYAM-KA-20-1031439,Shetty Services,Suresh Shetty,"No. 87, 1st Cross, Peenya, Bengaluru - 560076",,KARNATAKA,Bengaluru Urban,,,28833,construction,17-07-2005,2026-12-20,Active
UDYAM-KA-05-3245756,Bhat Trading Co.,Ramesh Bhat,"No. 484, 3rd Road, Koramangala, Bengaluru - 560043",560043,Karnataka,Bengaluru Rural,7953331638,ramesh.bhat@gmail.com,16457,technology,23-01-2001,03-05-2024,Inactive
UDYAM-KA-16-7500008,Kamath Mills,Neha Kamath,"No. 314, 5th Layout, Yelahanka, Bengaluru - 560103",560103,Karnataka,Bengaluru Rural,8742267562,neha.kamath@gmail.com,64223,trading,09/03/2012,2026-07-08,Active
UDYAM-KA-19-7964762,Hegde Corporation,Divya Hegde,"No. 20, 3rd Main Road, JP Nagar, Bengaluru - 560011",560011,KARNATAKA,Bengaluru Urban,6018357924,,61512,technology,26/04/2002,08/01/2026,Active
UDYAM-KA-14-4965983,Murthy Solutions,Kavita Murthy,"No. 440, 5th Main Road, Sarjapur Road, Bengaluru - 560085",,KARNATAKA,Bengaluru Urban,6829929984,kavita.murthy@yahoo.co.in,40299,trading,11/05/2003,15/11/2024,Inactive
UDYAM-KA-09-0269741,Deshmukh Technologies,Vinod Deshmukh,"No. 237, 2nd Avenue, Marathahalli, Bengaluru - 560022",,KARNATAKA,Bengaluru Urban,,vinod.deshmukh@outlook.com,46241,construction,03/08/2009,03/12/2020,Inactive
UDYAM-KA-27-3629895,Kulkarni Associates,Priya Kulkarni,"No. 299, 2nd Extension, Peenya, Bengaluru - 560008",560008,KARNATAKA,Bengaluru Rural,,,35811,services,2007-01-15,,Inactive
UDYAM-KA-27-1480481,Naidu Services,Divya Naidu,"No. 356, 2nd Road, Mahadevapura, Bengaluru - 560022",560022,KARNATAKA,Bengaluru Rural,7112158095,divya.naidu@rediffmail.com,11569,technology,23-12-2018,,Active
UDYAM-KA-12-5316358,Kulkarni Services,Varun Kulkarni,"No. 260, 3rd Layout, ITPL Main Road, Bengaluru - 560008",560008,KARNATAKA,Bengaluru Rural,9903491330,,24442,services,24/06/2017,09-10-2025,Active
UDYAM-KA-21-9843929,Kamath Associates,Priya Kamath,"No. 158, 4th Road, Electronic City, Bengaluru - 560058",560058,KARNATAKA,Bengaluru Urban,6360215787,priya.kamath@yahoo.co.in,22144,construction,27/01/2013,,Active
UDYAM-KA-30-5524482,Deshmukh Constructions,Anita Deshmukh,"No. 71, 5th Extension, Sarjapur Road, Bengaluru - 560029",560029,KARNATAKA,Bengaluru Urban,8375199199,,14237,manufacturing,2005-04-23,30-05-2025,Active
UDYAM-KA-22-6376563,Singh Traders,Deepa Singh,"No. 38, 1st Cross, Varthur, Bengaluru - 560034",560034,KARNATAKA,Bengaluru Urban,6767310332,deepa.singh@yahoo.co.in,53712,manufacturing,02/05/2019,09/06/2026,Active
UDYAM-KA-22-6044086,Bhat Pvt Ltd,Varun Bhat,"No. 384, 1st Street, Varthur, Bengaluru - 560040",560040,KARNATAKA,Bengaluru Rural,8114794259,,74830,trading,2007-02-11,,Inactive
UDYAM-KA-16-1497515,Mehta & Sons,Varun Mehta,"No. 363, 4th Street, JP Nagar, Bengaluru - 560098",560098,Karnataka,Bengaluru Rural,9003299995,,21937,manufacturing,19-08-2022,09-02-2026,Active
UDYAM-KA-08-8478489,Prasad Technologies,Seema Prasad,"No. 362, 3rd Main Road, JP Nagar, Bengaluru - 560004",560004,KARNATAKA,Bengaluru Rural,8548219240,,40931,technology,25-08-2015,,Active
UDYAM-KA-17-6590086,Pillai Engineers,Ritu Pillai,"No. 353, 1st Main Road, Banashankari, Bengaluru - 560102",560102,Karnataka,Bengaluru Rural,8881075110,,27936,services,2013-08-02,2025-04-09,Active
UDYAM-KA-14-6121456,Verma Enterprises,Pooja Verma,"No. 388, 4th Road, ITPL Main Road, Bengaluru - 560050",560050,KARNATAKA,Bengaluru Rural,8164569789,pooja.verma@outlook.com,43978,technology,16/05/2017,2025-07-23,Active
UDYAM-KA-29-2792504,Hegde Solutions,Ritu Hegde,"No. 445, 3rd Main Road, BTM Layout, Bengaluru - 560008",560008,KARNATAKA,Bengaluru Urban,,,14805,manufacturing,01/03/2001,2024-11-27,Inactive
UDYAM-KA-12-0968123,Pandey & Co.,Mohan Pandey,"No. 18, 3rd Street, Hebbal, Bengaluru - 560034",560034,Karnataka,Bengaluru Urban,8246269807,mohan.pandey@outlook.com,21411,construction,09-08-2003,2022-05-16,Inactive
UDYAM-KA-01-6532031,Pai Services,Kavita Pai,"No. 371, 2nd Main Road, Basavanagudi, Bengaluru - 560060",560060,Karnataka,Bengaluru Rural,,,53386,technology,2014-11-10,,Active
UDYAM-KA-02-8635846,Mishra Trading Co.,Divya Mishra,"No. 239, 5th Road, Basavanagudi, Bengaluru - 560050",560050,KARNATAKA,Bengaluru Rural,7150729214,divya.mishra@yahoo.co.in,17760,services,27/10/2015,10/03/2026,Active
UDYAM-KA-07-3933784,Shetty Enterprises,Kavita Shetty,"No. 268, 5th Avenue, Basavanagudi, Bengaluru - 560064",560064,KARNATAKA,Bengaluru Rural,8378718345,,86829,technology,03/04/2022,26/02/2025,Active
UDYAM-KA-24-7462857,Mehta & Co.,Arun Mehta,"No. 460, 3rd Main Road, Bellandur, Bengaluru - 560102",560102,KARNATAKA,Bengaluru Urban,,,14703,technology,27/12/2007,,Active
UDYAM-KA-04-0584869,Patel Industries,Sohan Patel,"No. 460, 4th Main Road, MG Road, Bengaluru - 560058",560058,KARNATAKA,Bengaluru Urban,,,24844,technology,24/02/2000,,Inactive
UDYAM-KA-10-8920354,Rao & Sons,Vinod Rao,"No. 169, 1st Cross, JP Nagar, Bengaluru - 560025",560025,Karnataka,Bengaluru Rural,6271459125,vinod.rao@outlook.com,52815,manufacturing,17/04/2019,2025-08-05,Active
UDYAM-KA-03-5622094,Jain Trading Co.,Nagaraj Jain,"No. 485, 1st Cross, BTM Layout, Bengaluru - 560003",560003,KARNATAKA,Bengaluru Urban,7750319088,nagaraj.jain@yahoo.co.in,16736,technology,2002-01-02,2025-07-10,Active
UDYAM-KA-14-3437530,Reddy Engineers,Ramesh Reddy,"No. 173, 5th Street, Indiranagar, Bengaluru - 560001",,Karnataka,Bengaluru Rural,7426525815,,64190,services,2017-03-11,,Active
UDYAM-KA-30-1406226,Jain Traders,Raghav Jain,"No. 97, 1st Street, Marathahalli, Bengaluru - 560053",560053,Karnataka,Bengaluru Urban,9532841452,,20243,technology,11-05-2012,28/07/2025,Active
UDYAM-KA-12-9797341,Kumar Associates,Vijay Kumar,"No. 177, 3rd Layout, Banashankari, Bengaluru - 560009",560009,KARNATAKA,Bengaluru Rural,,vijay.kumar@rediffmail.com,83410,manufacturing,13-12-2018,08/03/2026,Active
UDYAM-KA-12-8712004,Gupta Industries,Vinod Gupta,"No. 309, 2nd Extension, Banashankari, Bengaluru - 560008",560008,KARNATAKA,Bengaluru Rural,7132471447,vinod.gupta@rediffmail.com,54835,technology,25-04-2012,,Inactive
UDYAM-KA-02-0260552,Kumar Technologies,Sanjay Kumar,"No. 308, 3rd Cross, Hoodi, Bengaluru - 560068",560068,KARNATAKA,Bengaluru Urban,,sanjay.kumar@yahoo.co.in,97661,construction,08/02/2007,2026-12-29,Active
UDYAM-KA-25-8179176,Patil Mills,Mahesh Patil,"No. 281, 5th Extension, Brookefield, Bengaluru - 560094",560094,KARNATAKA,Bengaluru Urban,,mahesh.patil@outlook.com,73307,trading,2009-11-17,2025-01-13,Active
UDYAM-KA-13-0131972,Tiwari Manufacturing,Seema Tiwari,"No. 121, 3rd Main Road, Brookefield, Bengaluru - 560008",560008,Karnataka,Bengaluru Urban,,seema.tiwari@outlook.com,25864,trading,2004-07-02,2024-06-02,Inactive
UDYAM-KA-09-5358702,Mishra Solutions,Neha Mishra,"No. 273, 4th Main Road, Bommanahalli, Bengaluru - 560066",560066,KARNATAKA,Bengaluru Rural,6729184087,,55763,manufacturing,03/10/2018,,Active
UDYAM-KA-18-9096127,Jain Exports,Kavita Jain,"No. 475, 2nd Avenue, Varthur, Bengaluru - 560098",560098,KARNATAKA,Bengaluru Rural,8121705385,,22621,manufacturing,10-11-2017,22/06/2024,Inactive
UDYAM-KA-01-0160703,Swamy & Co.,Lakshmi Swamy,"No. 276, 1st Avenue, JP Nagar, Bengaluru - 560103",560103,KARNATAKA,Bengaluru Urban,9884193638,lakshmi.swamy@gmail.com,37518,manufacturing,2016-08-13,15-08-2025,Active
UDYAM-KA-14-9139338,Iyer Solutions,Vinod Iyer,"No. 92, 1st Avenue, Basavanagudi, Bengaluru - 560092",560092,KARNATAKA,Bengaluru Rural,6734689139,,93506,services,11-03-2016,24/08/2026,Active
UDYAM-KA-09-1542439,Pandey Technologies,Varun Pandey,"No. 29, 2nd Layout, Mahadevapura, Bengaluru - 560052",560052,Karnataka,Bengaluru Urban,9843681861,,30288,manufacturing,08-04-2016,2023-12-10,Inactive
UDYAM-KA-18-0180916,Bhat Agency,Venkatesh Bhat,"No. 376, 3rd Layout, KR Puram, Bengaluru - 560062",560062,KARNATAKA,Bengaluru Rural,7209775041,,99804,trading,23/03/2001,,Active
UDYAM-KA-04-9362912,Kulkarni Traders,Kiran Kulkarni,"No. 231, 4th Cross, JP Nagar, Bengaluru - 560068",560068,Karnataka,Bengaluru Rural,7509076202,kiran.kulkarni@gmail.com,31291,services,29/04/2018,26/04/2024,Inactive
UDYAM-KA-01-2297631,Jain Brothres,Lakshhmi Jain,"No. 472, 2nd Road, Malleshwaram, Bengaluru - 560053",560053,KARNATAKA,Bengaluru Urban,8587569877,lakshmi.jain@gmail.com,23238,construction,2003-06-05,18/01/2023,Inactive
UDYAM-KA-05-7278529,PATEL INDUSTRIES,S. Patel,"Number 489, 2nd Road, MG Road, Bengaluru - 560010",560010,KARNATAKA,Bengaluru Rural,8141774162,,80958,trading,2015-11-05,,Active
UDYAM-KA-18-3751809,PILLAI CORPORATION,"Pillai, Sunil","No. 358,5th Extension,Indiranagar,Bengaluru - 560017",,Karnataka,Bengaluru Rural,,sunil.pillai@gmail.com,47227,construction,2019-05-21,01/02/2025,Active
UDYAM-KA-18-9776291,MURTHY SOLUTIONS,K. Murthy,"# 440, 5th Main Road, Sarjapur Road, Bengaluru - 560085",560085,Karnataka,Bengaluru Urban,6829929984,kavita.murthy@yahoo.co.in,55988,trading,11/05/2003,15/11/2024,Inactive
UDYAM-KA-15-1346855,Pai Constructions,"Pai, Rohan","# 396, 2nd Cross, Peenya, Bengaluru - 560008",560008,KARNATAKA,Bengaluru Urban,6295644356,,17993,trading,2016-02-05,02/05/2026,Active
UDYAM-KA-03-5423781,Bhat Traders,"Bhat, Deepa","No. 266,4th Avenue,HSR Layout,Bengaluru - 560017",560017,Karnataka,Bengaluru Urban,6496336655,,67674,trading,29-07-2016,2020-05-09,Inactive
UDYAM-KA-24-6865418,RAO MANUFACTURING,Arun Rao,"No. 477,4th Main Road,Indiranagar,Bengaluru - 560025",560025,KARNATAKA,Bengaluru Rural,8714985746,arun.rao@yahoo.co.in,12226,construction,06-03-2002,,Inactive
UDYAM-KA-03-8508998,BHAT TRADING CO.,Ramesh Bhat,"No. 484, 3rd Road, Koramangala, Bengaluru 560043",560043,KARNATAKA,Bengaluru Rural,7953331638,,12511,technology,23-01-2001,03-05-2024,Inactive
UDYAM-KA-06-3809468,RAO ASSOCIATES,Deepa Rao,"No. 279, 5th Layout, Sarjapur Rd, Bengaluru - 560060",560060,KARNATAKA,Bengaluru Urban,6283767032,,81116,services,10/03/2018,30/03/2025,Active
UDYAM-KA-07-0332407,Agarwal Mills,"Agarwal, Divya","No. 294,4th Street,Varthur,Bengaluru - 560038",560038,KARNATAKA,Bengaluru Urban,6290817892,divya.agarwal@gmail.com,93827,services,29/07/2017,2020-11-22,Inactive
UDYAM-KA-16-4836542,Pandey&  Sons,Anita Pandey,"# 219, 5th Main Road, Varthur, Bengaluru - 560055",560055,KARNATAKA,Bengaluru Urban,6169339200,anita.pandey@outlook.com,98194,technology,2002-01-20,2021-05-26,Inactive
UDYAM-KA-20-6165268,SHENOY BROTHERS,"Shenoy, Pooja","No. 387, 2nd Main Road, Basavanagudi, Bengaluru 560058",560058,KARNATAKA,Bengaluru Rural,9159757536,,58655,manufacturing,24/02/2018,15-12-2025,Active
UDYAM-KA-23-8720434,JAIN & CO.,A. Jain,"Number 284, 3rd Street, Varthur, Bengaluru - 560095",560095,Karnataka,Bengaluru Rural,7025974257,,58771,trading,06/11/2008,05/07/2026,Active
UDYAM-KA-22-4490724,MEHTA & SONS,Nagaraj Mehta,"No. 259, 5th Layout, Yelahanka, Bengaluru 560040",560040,KARNATAKA,Bengaluru Urban,9867724234,nagaraj.mehta@outlook.com,94461,manufacturing,22/02/2019,2024-01-19,Inactive
UDYAM-KA-27-8296727,Nair Exprots,S. Nair,"No. 422, 2nd Layout, Banashankari, Bangalore - 560079",560079,KARNATAKA,Bengaluru Urban,8997818114,sanjay.nair@rediffmail.com,40257,construction,23-11-2011,,Active
UDYAM-KA-05-1806479,Deshmukh Technolgoies,Sunita Deshhmukh,"# 145, 3rd Street, Koramangala, Bengaluru - 560100",,KARNATAKA,Bengaluru Rural,8741695592,,93518,manufacturing,08/01/2007,2025-03-09,Active
UDYAM-KA-01-6532031,Pai Srevices,K. Pai,"Number 371, 2nd Main Road, Basavanagudi, Bengaluru - 560060",560060,KARNATAKA,Bengaluru Rural,8328242697,kavita.pai@outlook.com,53987,technology,2014-11-10,2025-03-13,Active
UDYAM-KA-11-0999476,Kulkarni Industries,"Kulkarni, Mukesh","No. 75,1st Cross,Brookefield,Bengaluru - 560098",560098,KARNATAKA,Bengaluru Rural,6269386984,mukesh.kulkarni@outlook.com,61574,construction,26/02/2006,,Active
UDYAM-KA-24-5473594,Mehta Agency,Rohan Mehta,"No. 484,2nd Main Road,Koramangala,Bengaluru - 560030",560030,KARNATAKA,Bengaluru Urban,8143137448,rohan.mehta@gmail.com,82146,services,2001-10-22,2023-12-02,Inactive
UDYAM-KA-14-2378938,Iyer Solutions,Neha Iyer,"No. 256,3rd Street,Whitefield,Bengaluru - 560003",560003,KARNATAKA,Bengaluru Rural,6286723839,neha.iyer@yahoo.co.in,54782,technology,2002-05-21,2025-08-24,Active
UDYAM-KA-30-0479449,Agarwal Engineers,"Agarwal, Anita","No. 405, 3rd Main Road, Electronic City, Bangalore - 560041",560041,Karnataka,Bengaluru Rural,7970341972,,55139,services,2010-09-02,21-11-2025,Active
UDYAM-KA-10-5762919,Mehta Industreis,Manoj Mehta,"No. 461, 4th Cross, HSR Layout, Bengaluru 560050",,Karnataka,Bengaluru Urban,6768757751,,53332,services,16-05-2002,03-05-2026,Active
UDYAM-KA-25-3901380,Murthy and Sons,N. Murthy,"# 483, 4th Road, Electronic City, Bengaluru - 560055",560055,KARNATAKA,Bengaluru Urban,6519676581,nagaraj.murthy@rediffmail.com,52292,construction,09/11/2005,,Active
UDYAM-KA-22-5915527,Iyer Brothers,Rohan Iyer,"No. 192, 4th Layout, Koramangala, Bangalore - 560052",560052,Karnataka,Bengaluru Urban,8280960434,,33571,services,03/06/2022,06-12-2025,Active
UDYAM-KA-13-3073228,Gupat & Co.,"Gupta, Divya","No. 88,5th Cross,Yelahanka,Bengaluru - 560010",560010,KARNATAKA,Bengaluru Rural,8526899284,divya.gupta@gmail.com,73328,trading,11/02/2003,02-03-2026,Active
UDYAM-KA-12-4908269,Iyer Brothres,R. Iyer,"No. 142,4th Avenue,HSR Layout,Bengaluru - 560047",560047,Karnataka,Bengaluru Urban,7492727534,,15917,services,27/12/2003,06-07-2026,Active
UDYAM-KA-17-0688162,Rao Constructions,Ritu Rao,"# 471, 3rd Cross, Mahadevapura, Bengaluru - 560055",560055,Karnataka,Bengaluru Rural,7825462675,ritu.rao@yahoo.co.in,54948,trading,22-06-2000,2025-03-11,Active
UDYAM-KA-30-7010847,ReddyA gency,Deepa Reddy,"No. 234, 1st Cross, Brookefield, Bengaluru 560070",560070,Karnataka,Bengaluru Rural,9467489962,,35353,technology,25/02/2020,2026-10-30,Active
UDYAM-KA-04-1449323,Shetty & Sons,Rekha Shetty,"No. 95,3rd Cross,Varthur,Bengaluru - 560010",560010,KARNATAKA,Bengaluru Rural,9692497310,,64836,construction,2014-12-03,2025-09-29,Active
UDYAM-KA-14-6792538,Redd yTraders,Vijay Reddy,"Number 202, 5th Street, Malleshwaram, Bengaluru - 560100",560100,KARNATAKA,Bengaluru Urban,9480953755,vijay.reddy@gmail.com,75902,services,19/09/2019,08/08/2021,Inactive
UDYAM-KA-30-3706008,Rao Works,"Rao, Sunita","No. 40, 2nd Cross, Hoodi, Bengaluru - 560045",560045,Karnataka,Bengaluru Rural,8698673026,,65346,trading,2000-01-21,,Active
UDYAM-KA-24-8289150,GOWDA SOLUTIONS,N. Gowda,"No. 85, 2nd Cross, Rajajinagar, Bengaluru - 560017",560017,KARNATAKA,Bengaluru Urban,,,88941,technology,2006-12-01,11/09/2024,Inactive
UDYAM-KA-24-7025846,Verma Industries,"Verma, Varun","No. 190, 3rd Cross, Peenya, Bengaluru 560102",560102,KARNATAKA,Bengaluru Rural,,,37387,services,27/11/2005,2025-05-07,Active
UDYAM-KA-28-1517525,Gowda and Sons,D. Gowda,"No. 322, 1st Extension, Brookefield, Bengaluru 560030",560030,KARNATAKA,Bengaluru Urban,,,41510,trading,2021-06-29,2026-01-04,Active
UDYAM-KA-06-3985368,Iyre Solutions,"Iyer, Vinod","No. 92, 1st Avenue, Basavanagudi, Bangalore - 560092",560092,Karnataka,Bengaluru Rural,6734689139,vinod.iyer@gmail.com,66487,services,11-03-2016,24/08/2026,Active
UDYAM-KA-23-5557209,Nair Wroks,Ritu Nair,"No. 366, 3rd Cross, Yelahanka, Bengaluru - 560030",560030,Karnataka,Bengaluru Rural,8526509762,,20633,services,05/05/2010,2023-08-04,Inactive
UDYAM-KA-29-6249717,Moorthy Enterprises,S. Murthy,"No. 41, 2nd Rd, Whitefield, Bengaluru - 560048",560048,KARNATAKA,Bengaluru Urban,6117762437,sunita.murthy@gmail.com,30780,trading,2006-12-29,06-03-2020,Inactive
UDYAM-KA-09-3962710,SHENOY PVT LTD,"Shenoy, Nagaraj","No. 44, 2nd Extension, Malleshwaram, Bengaluru - 560003",560003,KARNATAKA,Bengaluru Urban,6743671580,nagaraj.shenoy@rediffmail.com,24789,manufacturing,08/07/2007,05/11/2025,Active
UDYAM-KA-30-7581867,Pandye & Co.,Priya Pandey,"Number 227, 3rd Extension, Peenya, Bengaluru - 560011",560011,Karnataka,Bengaluru Rural,,,97729,services,22/12/2022,,Active
UDYAM-KA-13-8705126,Gutpa Agency,A. Gupta,"# 106, 4th Cross, Whitefield, Bengaluru - 560085",560085,KARNATAKA,Bengaluru Urban,,arun.gupta@rediffmail.com,41506,services,14/12/2004,2025-10-14,Active
