gstin,pan_number,business_name,proprietor,registered_address,pin_code,state,district_name,constitution,business_activity,contact_number,email_id,date_of_registration,last_return_date,registration_status
,QAHCE7680N,Pillai Mills,Suresh Pillai,"No. 367, 5th Layout, BTM Layout, Bengaluru - 560071",560071,Karnataka,Bengaluru Urban,proprietorship,construction,,,07/02/2016,14-02-2025,Active
,LDXPR2683G,Rao & Sons,,"No. 428, 3rd Main Road, Sarjapur Road, Bengaluru - 560060",560060,Karnataka,Bengaluru Rural,proprietorship,trading,,,2010-04-10,15/02/2024,Default in Filing
29BXOTK2486EFZZ,BXOTK2486E,Patil Engineers,,"No. 71, 5th Layout, HSR Layout, Bengaluru - 560048",560048,Karnataka,Bengaluru Urban,public_ltd,manufacturing,,ajay.patil@gmail.com,20-12-2011,28/10/2025,ACTIVE
29EASTI9751UWZC,,Murthy Constructions,Nagaraj Murthy,"No. 166, 4th Road, Mahadevapura, Bengaluru - 560001",560001,Karnataka,Bengaluru Urban,llp,services,+917883089040,nagaraj.murthy@yahoo.co.in,29/05/2007,14/09/2026,ACTIVE
29ZYTTG7363QFZE,ZYTTG7363Q,Kumar Engineers,Kiran Kumar,"No. 4, 1st Street, HSR Layout, Bengaluru - 560076",560076,Karnataka,Bengaluru Urban,llp,services,+918003524578,kiran.kumar@outlook.com,2018-04-05,06/11/2026,Registered
29JKWPV6607ZFZC,JKWPV6607Z,Deshmukh Technologies,,"No. 237, 2nd Avenue, Marathahalli, Bengaluru - 560022",560022,Karnataka,Bengaluru Urban,llp,construction,+916880650072,vinod.deshmukh@outlook.com,03/08/2009,03/12/2020,Struck Off
29AKYHJ4995WCZI,AKYHJ4995W,Gowda Engineers,Raghav Gowda,"No. 161, 1st Road, Hoodi, Bengaluru - 560004",560004,Karnataka,Bengaluru Rural,proprietorship,technology,+918058008495,raghav.gowda@gmail.com,21-10-2018,20/06/2026,Active
29YFSCI3623Y0ZT,YFSCI3623Y,Patel Constructions,Varun Patel,"No. 68, 3rd Road, Marathahalli, Bengaluru - 560066",560066,Karnataka,Bengaluru Urban,pvt_ltd,services,,varun.patel@gmail.com,2005-03-06,09/06/2023,Inactive
,HFITU8529B,Gupta Trading Co.,Rajesh Gupta,"No. 67, 3rd Main Road, Brookefield, Bengaluru - 560045",560045,Karnataka,Bengaluru Rural,pvt_ltd,trading,+916519610354,rajesh.gupta@gmail.com,15/10/2001,13-09-2025,active
29CUWHT7921ZQZ1,CUWHT7921Z,Shah & Co.,Mohan Shah,"No. 404, 1st Layout, Electronic City, Bengaluru - 560038",560038,Karnataka,Bengaluru Urban,pvt_ltd,trading,+916284372013,mohan.shah@gmail.com,07/11/2022,03/07/2024,Default in Filing
29YCZCS9214XRZW,YCZCS9214X,Prasad Manufacturing,Mahesh Prasad,"No. 1, 5th Avenue, Banashankari, Bengaluru - 560098",560098,Karnataka,Bengaluru Urban,pvt_ltd,construction,,,2005-09-16,24-01-2026,Registered
29TEOHR8327TTZS,TEOHR8327T,Nair Mills,Krishna Nair,"No. 338, 1st Cross, Electronic City, Bengaluru - 560102",560102,Karnataka,Bengaluru Rural,llp,construction,,krishna.nair@gmail.com,20-09-2008,21/05/2024,Inactive
29GRAPY4195B7ZT,GRAPY4195B,Kamath Mills,Neha Kamath,"No. 314, 5th Layout, Yelahanka, Bengaluru - 560103",560103,Karnataka,Bengaluru Rural,partnership,trading,,,09/03/2012,2026-07-08,ACTIVE
29DGSTG0454GOZ1,DGSTG0454G,Pandey Works,Rajesh Pandey,"No. 386, 4th Avenue, Rajajinagar, Bengaluru - 560047",560047,Karnataka,Bengaluru Rural,public_ltd,construction,+918424367789,rajesh.pandey@gmail.com,2001-03-20,19/05/2025,Live
29EGIHK3829N5ZU,EGIHK3829N,Gowda Brothers,Kiran Gowda,"No. 400, 1st Avenue, Koramangala, Bengaluru - 560092",560092,Karnataka,Bengaluru Urban,public_ltd,technology,+918101165267,,2005-02-19,09-08-2020,Cancelled
,AIRHM9158H,Reddy Brothers,,"No. 190, 1st Extension, Bellandur, Bengaluru - 560055",560055,Karnataka,Bengaluru Rural,public_ltd,technology,,raghav.reddy@rediffmail.com,08/09/2021,30/08/2026,active
29IGYFO2463AKZB,IGYFO2463A,Verma Manufacturing,Pooja Verma,"No. 360, 3rd Extension, Mahadevapura, Bengaluru - 560038",560038,Karnataka,Bengaluru Urban,partnership,construction,,pooja.verma@yahoo.co.in,25-09-2013,30-04-2026,Active
29NLTFL7221GYZB,NLTFL7221G,Bhat Manufacturing,,"No. 52, 2nd Cross, Rajajinagar, Bengaluru - 560078",560078,Karnataka,Bengaluru Urban,proprietorship,manufacturing,,nagaraj.bhat@outlook.com,02/10/2012,2025-12-15,Registered
29ZGWPC4060EJZ5,ZGWPC4060E,Kulkarni Traders,,"No. 231, 4th Cross, JP Nagar, Bengaluru - 560068",560068,Karnataka,Bengaluru Rural,proprietorship,services,+917509076202,,29/04/2018,26/04/2024,Default in Filing
29AHHHC6976VCZR,AHHHC6976V,Pillai Technologies,,"No. 31, 2nd Avenue, Koramangala, Bengaluru - 560017",560017,Karnataka,Bengaluru Rural,pvt_ltd,technology,,,2001-02-27,22-11-2026,active
29PATFS0746IRZV,,Kulkarni Associates,Neha Kulkarni,"No. 440, 2nd Cross, Indiranagar, Bengaluru - 560094",560094,Karnataka,Bengaluru Rural,llp,technology,+916298543394,neha.kulkarni@gmail.com,2018-07-15,06-01-2026,Active
,TQTCI5946D,Murthy Exports,Rajesh Murthy,"No. 48, 2nd Avenue, Banashankari, Bengaluru - 560071",,Karnataka,Bengaluru Urban,partnership,technology,+916961927444,rajesh.murthy@outlook.com,2017-03-16,06-11-2022,Cancelled
29WWHHK9582JVZ9,WWHHK9582J,Bhat Brothers,Pooja Bhat,"No. 279, 4th Layout, Brookefield, Bengaluru - 560071",,Karnataka,Bengaluru Rural,proprietorship,construction,+918923843493,,30-08-2005,2021-11-10,Cancelled
29WLNHA7461PGZL,WLNHA7461P,Shah Constructions,Vijay Shah,"No. 368, 4th Avenue, Sarjapur Road, Bengaluru - 560043",560043,Karnataka,Bengaluru Urban,proprietorship,trading,+919262209771,vijay.shah@yahoo.co.in,23/01/2002,28/10/2023,Suspended
29JDNAV7108TVZ9,JDNAV7108T,Iyer Agency,Sohan Iyer,"No. 461, 4th Cross, MG Road, Bengaluru - 560094",560094,Karnataka,Bengaluru Urban,partnership,manufacturing,+919435642813,sohan.iyer@outlook.com,08-02-2017,30-10-2025,active
29HZRFA5670TIZE,HZRFA5670T,Prasad Traders,Sohan Prasad,"No. 370, 2nd Street, Brookefield, Bengaluru - 560095",560095,Karnataka,Bengaluru Urban,public_ltd,technology,+919345702711,sohan.prasad@rediffmail.com,2012-03-23,09/05/2026,Registered
29TICPE7266MZZN,TICPE7266M,Tiwari Enterprises,Sohan Tiwari,"No. 233, 3rd Street, Indiranagar, Bengaluru - 560070",560070,Karnataka,Bengaluru Rural,pvt_ltd,construction,,,2018-04-25,08/02/2025,Live
29ZDGAE3396R9ZQ,,Kulkarni Manufacturing,Mahesh Kulkarni,"No. 112, 4th Layout, Basavanagudi, Bengaluru - 560097",560097,Karnataka,Bengaluru Urban,partnership,manufacturing,+917065933118,,2000-12-15,2023-09-07,Suspended
29UFVAG5827Z0ZH,UFVAG5827Z,Iyer Pvt Ltd,Divya Iyer,"No. 68, 1st Cross, MG Road, Bengaluru - 560094",560094,Karnataka,Bengaluru Urban,partnership,technology,+917021410435,,11-12-2001,05-11-2024,Default in Filing
29HQAHM4174C9Z4,HQAHM4174C,Mehta & Sons,,"No. 259, 5th Layout, Yelahanka, Bengaluru - 560040",560040,Karnataka,Bengaluru Urban,pvt_ltd,manufacturing,,,22/02/2019,2024-01-19,Dormant
29RMCPC4731BZZZ,RMCPC4731B,Naidu & Co.,Ritu Naidu,"No. 217, 1st Cross, Brookefield, Bengaluru - 560094",560094,Karnataka,Bengaluru Rural,public_ltd,construction,+917151483512,ritu.naidu@yahoo.co.in,06-03-2001,2021-07-01,Deregistered
29ESIFL0854E1Z5,ESIFL0854E,Kulkarni Agency,Pooja Kulkarni,"No. 160, 3rd Avenue, Basavanagudi, Bengaluru - 560018",560018,Karnataka,Bengaluru Urban,llp,trading,+919170044642,,21/12/2004,30/08/2024,Inactive
29NIFAB0321I7Z0,NIFAB0321I,Patil Pvt Ltd,,"No. 361, 2nd Extension, Bommanahalli, Bengaluru - 560050",560050,Karnataka,Bengaluru Rural,llp,manufacturing,+919374403446,anita.patil@rediffmail.com,07/12/2000,25/09/2026,ACTIVE
29VXCPH4408XLZA,VXCPH4408X,Naidu Mills,Venkatesh Naidu,"No. 179, 3rd Street, Brookefield, Bengaluru - 560025",560025,Karnataka,Bengaluru Urban,public_ltd,technology,,,01-07-2014,2026-03-27,Live
29MQUAB3040L4Z5,MQUAB3040L,Kamath Engineers,Mahesh Kamath,"No. 293, 2nd Cross, ITPL Main Road, Bengaluru - 560058",560058,Karnataka,Bengaluru Rural,public_ltd,technology,+918948890607,mahesh.kamath@outlook.com,13/02/2007,17/10/2025,Registered
,KIPTU3353I,Hegde Brothers,Seema Hegde,"No. 340, 4th Main Road, Varthur, Bengaluru - 560092",560092,Karnataka,Bengaluru Urban,pvt_ltd,technology,,seema.hegde@outlook.com,25/10/2000,08/08/2025,Registered
29YMFCE0817X2ZL,YMFCE0817X,Pandey Technologies,Kavita Pandey,"No. 395, 5th Avenue, Varthur, Bengaluru - 560022",560022,Karnataka,Bengaluru Urban,pvt_ltd,services,,,06/10/2019,27-01-2024,Dormant
29NZVAE8043DXZ7,NZVAE8043D,Murthy Manufacturing,Pramod Murthy,"No. 426, 4th Road, Whitefield, Bengaluru - 560066",560066,Karnataka,Bengaluru Urban,partnership,trading,+916894333023,pramod.murthy@gmail.com,2006-03-04,29-04-2026,Registered
29VTMAA9021XRZ7,VTMAA9021X,Naidu Trading Co.,Mohan Naidu,"No. 407, 5th Layout, Sarjapur Road, Bengaluru - 560053",560053,Karnataka,Bengaluru Urban,proprietorship,services,+919845657203,mohan.naidu@outlook.com,2016-03-05,05-11-2022,Deregistered
29OKMTM9207L6ZL,OKMTM9207L,Verma Constructions,Pooja Verma,"No. 426, 4th Street, Electronic City, Bengaluru - 560092",560092,Karnataka,Bengaluru Rural,llp,technology,+918807420109,pooja.verma@outlook.com,2011-05-13,15/07/2023,Default in Filing
29JUWFI1387MBZV,JUWFI1387M,Gupta Industries,Vinod Gupta,"No. 309, 2nd Extension, Banashankari, Bengaluru - 560008",560008,Karnataka,Bengaluru Rural,llp,technology,+917132471447,vinod.gupta@rediffmail.com,25-04-2012,2020-04-27,Dissolved
,RKNTV1086O,Mishra Brothers,Vijay Mishra,"No. 310, 2nd Street, Jayanagar, Bengaluru - 560073",560073,Karnataka,Bengaluru Rural,llp,technology,,vijay.mishra@outlook.com,13/04/2005,21/12/2024,Inactive
29FPSHG1848OKZM,FPSHG1848O,Jain Exports,Kavita Jain,"No. 475, 2nd Avenue, Varthur, Bengaluru - 560098",560098,Karnataka,Bengaluru Rural,pvt_ltd,manufacturing,+918121705385,kavita.jain@gmail.com,10-11-2017,22/06/2024,Default in Filing
29TVBFU0451YBZ8,TVBFU0451Y,Gowda Solutions,,"No. 85, 2nd Cross, Rajajinagar, Bengaluru - 560017",560017,Karnataka,Bengaluru Urban,partnership,technology,+917952019266,,2006-12-01,11/09/2024,Dormant
29VOVPC0656Y1ZV,VOVPC0656Y,Agarwal Works,Mohan Agarwal,"No. 153, 4th Road, JP Nagar, Bengaluru - 560095",560095,Karnataka,Bengaluru Urban,public_ltd,trading,+918442637789,,05/10/2004,06/05/2025,active
29LDBHT4998SCZA,LDBHT4998S,Pai Agency,Lakshmi Pai,"No. 12, 1st Layout, Hebbal, Bengaluru - 560041",560041,Karnataka,Bengaluru Rural,pvt_ltd,services,,,28/05/2016,2026-02-15,Registered
,OFOPM5729V,Shah Constructions,Sanjay Shah,"No. 102, 5th Extension, Whitefield, Bengaluru - 560103",560103,Karnataka,Bengaluru Rural,public_ltd,construction,+919013446536,sanjay.shah@yahoo.co.in,03-06-2013,06-06-2026,Registered
29MOMPL3143X1ZU,MOMPL3143X,Pillai Trading Co.,Krishna Pillai,"No. 323, 5th Avenue, Peenya, Bengaluru - 560018",560018,Karnataka,Bengaluru Rural,partnership,manufacturing,+918825714442,krishna.pillai@outlook.com,20-04-2009,10/11/2026,active
29NIEAK5686ZUZC,NIEAK5686Z,Agarwal Corporation,Seema Agarwal,"No. 107, 4th Cross, Varthur, Bengaluru - 560040",560040,Karnataka,Bengaluru Rural,proprietorship,trading,,,25-11-2012,29-03-2026,active
29GMFAI9616S3ZX,GMFAI9616S,Pillai Trading Co.,,"No. 368, 4th Road, Malleshwaram, Bengaluru - 560053",560053,Karnataka,Bengaluru Urban,proprietorship,manufacturing,+919991684672,,01-06-2010,2023-02-08,Suspended
29KVYPM7178J0ZJ,KVYPM7178J,Rao Associates,Deepa Rao,"No. 279, 5th Layout, Sarjapur Road, Bengaluru - 560060",560060,Karnataka,Bengaluru Urban,public_ltd,services,,,10/03/2018,30/03/2025,active
,REDFH0342K,Gowda Solutions,Sunil Gowda,"No. 208, 5th Street, Electronic City, Bengaluru - 560041",560041,Karnataka,Bengaluru Rural,partnership,technology,+919693294493,,06-02-2011,25-03-2023,Default in Filing
29LSCAD0555EXZS,,Nair Engineers,Lakshmi Nair,"No. 229, 1st Layout, Peenya, Bengaluru - 560008",560008,Karnataka,Bengaluru Urban,pvt_ltd,construction,+916404873875,lakshmi.nair@gmail.com,10-11-2002,21/05/2020,Closed
29AKTTX6493MYZ8,,Swamy Constructions,Ajay Swamy,"No. 373, 2nd Avenue, Whitefield, Bengaluru - 560068",560068,Karnataka,Bengaluru Urban,llp,manufacturing,+919947432411,,2000-09-13,14-04-2025,Active
,APSPH7422Y,Jain Corporation,,"No. 396, 3rd Main Road, Mahadevapura, Bengaluru - 560073",560073,Karnataka,Bengaluru Rural,pvt_ltd,manufacturing,,neha.jain@outlook.com,04-02-2017,03/03/2026,ACTIVE
29DJTHH8378BQZZ,DJTHH8378B,Pandey Corporation,Sohan Pandey,"No. 332, 1st Layout, Malleshwaram, Bengaluru - 560029",560029,Karnataka,Bengaluru Rural,partnership,construction,+919580360085,sohan.pandey@yahoo.co.in,08/12/2014,2020-02-01,Struck Off
29YZDHH6732KOZT,YZDHH6732K,Verma Exports,Sohan Verma,"No. 452, 4th Layout, Peenya, Bengaluru - 560048",560048,Karnataka,Bengaluru Urban,partnership,trading,+916732308705,sohan.verma@outlook.com,19/10/2008,2026-08-07,Registered
,MRRFY8964F,Shenoy Pvt Ltd,Raghav Shenoy,"No. 269, 1st Avenue, Jayanagar, Bengaluru - 560092",560092,Karnataka,Bengaluru Urban,proprietorship,construction,+919748270536,raghav.shenoy@outlook.com,18-04-2000,2025-01-13,active
29NHZPQ8689DXZ9,NHZPQ8689D,Iyer Brothers,,"No. 192, 4th Layout, Koramangala, Bengaluru - 560052",560052,Karnataka,Bengaluru Urban,proprietorship,services,,rohan.iyer@gmail.com,03/06/2022,06-12-2025,Live
29ZZXPH2884BHZY,ZZXPH2884B,Reddy Pvt Ltd,Neha Reddy,"No. 301, 2nd Avenue, BTM Layout, Bengaluru - 560002",560002,Karnataka,Bengaluru Rural,pvt_ltd,technology,,neha.reddy@gmail.com,2002-05-29,19/03/2025,Registered
29PPPFA6742RRZB,PPPFA6742R,Singh Traders,,"No. 38, 1st Cross, Varthur, Bengaluru - 560034",560034,Karnataka,Bengaluru Urban,partnership,manufacturing,,,02/05/2019,09/06/2026,ACTIVE
,CCOAT7804Y,Murthy & Sons,,"No. 155, 3rd Layout, Marathahalli, Bengaluru - 560011",560011,Karnataka,Bengaluru Urban,partnership,manufacturing,+919122739746,,2013-08-31,11-11-2021,Cancelled
29JWLHU9139GBZP,JWLHU9139G,Menon Associates,Vijay Menon,"No. 202, 3rd Road, ITPL Main Road, Bengaluru - 560038",560038,Karnataka,Bengaluru Urban,partnership,construction,,vijay.menon@outlook.com,2013-08-01,07-06-2025,Registered
29LJLAP5598NNZY,,Singh Solutions,Mohan Singh,"No. 182, 2nd Street, Bellandur, Bengaluru - 560094",560094,Karnataka,Bengaluru Urban,pvt_ltd,construction,+916937102756,,18/07/2017,25-08-2024,Suspended
,NIAPJ4919E,Verma Works,Priya Verma,"No. 357, 4th Cross, Hoodi, Bengaluru - 560058",560058,Karnataka,Bengaluru Urban,public_ltd,trading,,priya.verma@yahoo.co.in,15/02/2019,19-02-2026,Live
29EQLPX6153WHZ4,EQLPX6153W,Swamy Brothers,,"No. 59, 3rd Street, Yelahanka, Bengaluru - 560025",560025,Karnataka,Bengaluru Rural,pvt_ltd,services,+917565386872,neha.swamy@gmail.com,2005-04-15,07/07/2025,ACTIVE
,SNKCS3166U,Jain Technologies,,"No. 318, 1st Avenue, Yelahanka, Bengaluru - 560043",560043,Karnataka,Bengaluru Rural,public_ltd,manufacturing,+919413564474,rekha.jain@yahoo.co.in,2001-05-20,2025-10-09,active
29NELTY7511YNZY,NELTY7511Y,Nair & Co.,Priya Nair,"No. 385, 2nd Cross, Sarjapur Road, Bengaluru - 560102",560102,Karnataka,Bengaluru Urban,public_ltd,services,+916280818276,priya.nair@outlook.com,2006-03-31,02-03-2023,Dormant
29JHOFW2595V8ZQ,JHOFW2595V,Shetty Corporation,Sunita Shetty,"No. 425, 2nd Avenue, Malleshwaram, Bengaluru - 560098",560098,Karnataka,Bengaluru Rural,llp,construction,,,06-09-2014,06-04-2025,Registered
29ZQSPZ5242IIZL,ZQSPZ5242I,Shetty Engineers,,"No. 391, 1st Road, Bellandur, Bengaluru - 560045",560045,Karnataka,Bengaluru Urban,pvt_ltd,services,+916091494998,lakshmi.shetty@rediffmail.com,09-03-2004,26/03/2025,Registered
,RQBTJ7740D,Shetty Engineers,Kiran Shetty,"No. 228, 1st Road, Bellandur, Bengaluru - 560068",560068,Karnataka,Bengaluru Rural,partnership,construction,+919941037138,,2006-05-29,09-01-2025,Active
29QLSTX1468C8Z7,QLSTX1468C,Pandey Brothers,Vinod Pandey,"No. 72, 2nd Cross, ITPL Main Road, Bengaluru - 560043",560043,Karnataka,Bengaluru Urban,pvt_ltd,construction,+918566768635,vinod.pandey@yahoo.co.in,2002-06-13,2025-04-26,Live
29MPNPL9185LBZU,MPNPL9185L,Kumar Engineers,Ganesh Kumar,"No. 111, 1st Road, Marathahalli, Bengaluru - 560001",560001,Karnataka,Bengaluru Rural,public_ltd,services,,,28/08/2014,28-10-2026,Active
29QILCB2916BBZ7,QILCB2916B,Shetty Enterprises,,"No. 268, 5th Avenue, Basavanagudi, Bengaluru - 560064",560064,Karnataka,Bengaluru Rural,proprietorship,technology,+918378718345,kavita.shetty@rediffmail.com,03/04/2022,26/02/2025,active
29WEEPS6170AUZN,,Hegde Pvt Ltd,Mahesh Hegde,"No. 468, 4th Main Road, ITPL Main Road, Bengaluru - 560071",560071,Karnataka,Bengaluru Rural,proprietorship,construction,,mahesh.hegde@gmail.com,11/11/2020,15/11/2023,Default in Filing
29CLJFS7723PCZY,CLJFS7723P,Sharma & Co.,Suresh Sharma,"No. 178, 1st Cross, Bommanahalli, Bengaluru - 560030",560030,Karnataka,Bengaluru Urban,partnership,manufacturing,+916871524097,,12-07-2018,27-07-2022,Closed
29CCDHC5061JKZP,CCDHC5061J,Mehta Agency,,"No. 484, 2nd Main Road, Koramangala, Bengaluru - 560030",560030,Karnataka,Bengaluru Urban,pvt_ltd,services,+918143137448,rohan.mehta@gmail.com,2001-10-22,2023-12-02,Suspended
29CGJAB6290MZZZ,CGJAB6290M,Kamath Solutions,Anita Kamath,"No. 32, 2nd Main Road, MG Road, Bengaluru - 560010",560010,Karnataka,Bengaluru Urban,proprietorship,services,+916366528009,anita.kamath@outlook.com,2014-11-15,2026-04-18,Registered
29EOVHP0612FSZ9,EOVHP0612F,Menon Exports,Lakshmi Menon,"No. 246, 1st Road, Bommanahalli, Bengaluru - 560053",560053,Karnataka,Bengaluru Rural,public_ltd,construction,+916118568797,lakshmi.menon@rediffmail.com,27/09/2021,25/10/2022,Deregistered
29KEICA8709QEZA,KEICA8709Q,Menon Manufacturing,Raghav Menon,"No. 392, 2nd Extension, Jayanagar, Bengaluru - 560102",560102,Karnataka,Bengaluru Rural,public_ltd,technology,+917991237357,raghav.menon@rediffmail.com,17-05-2006,05-10-2022,Closed
29IMCCT2509GLZB,IMCCT2509G,Gowda Enterprises,Sunita Gowda,"No. 470, 2nd Avenue, Varthur, Bengaluru - 560076",560076,Karnataka,Bengaluru Urban,partnership,trading,+917939313119,sunita.gowda@outlook.com,2016-01-03,29/06/2023,Inactive
,HRDTA9939S,Rao Works,Sunita Rao,"No. 40, 2nd Cross, Hoodi, Bengaluru - 560045",560045,Karnataka,Bengaluru Rural,proprietorship,trading,+918698673026,sunita.rao@rediffmail.com,2000-01-21,2026-03-06,Live
29WMJAM1486VSZ4,WMJAM1486V,Kumar Associates,Sohan Kumar,"No. 176, 2nd Layout, Koramangala, Bengaluru - 560009",560009,Karnataka,Bengaluru Urban,proprietorship,services,+919580564091,,17/07/2004,14/07/2025,Registered
,SSSFV2205P,Jain Traders,Krishna Jain,"No. 14, 2nd Main Road, Indiranagar, Bengaluru - 560025",560025,Karnataka,Bengaluru Rural,partnership,trading,+919417482633,krishna.jain@outlook.com,2019-12-30,22/04/2026,Registered
29FGBTV0684YZZ3,FGBTV0684Y,Kulkarni Constructions,Krishna Kulkarni,"No. 244, 3rd Road, HSR Layout, Bengaluru - 560073",560073,Karnataka,Bengaluru Rural,partnership,services,,,30/11/2001,01/12/2026,Active
29FVDAI3780RKZH,FVDAI3780R,Sharma Traders,,"No. 213, 2nd Main Road, Indiranagar, Bengaluru - 560053",560053,Karnataka,Bengaluru Urban,pvt_ltd,services,+919512534346,,2018-01-28,29-11-2026,ACTIVE
29KKWTH0423KJZJ,KKWTH0423K,Shenoy Solutions,Kiran Shenoy,"No. 499, 4th Avenue, Rajajinagar, Bengaluru - 560011",560011,Karnataka,Bengaluru Rural,partnership,technology,+917760494453,kiran.shenoy@gmail.com,11/12/2002,2024-02-18,Suspended
29UNOCG8200BCZH,UNOCG8200B,Kamath Mills,Ajay Kamath,"No. 349, 1st Main Road, Indiranagar, Bengaluru - 560085",560085,Karnataka,Bengaluru Rural,llp,manufacturing,+916518531876,,2002-03-24,2021-03-14,Struck Off
29QRGHQ0770E0ZE,QRGHQ0770E,Agarwal Manufacturing,,"No. 236, 3rd Main Road, Basavanagudi, Bengaluru - 560050",560050,Karnataka,Bengaluru Rural,proprietorship,trading,+917683156836,vinod.agarwal@rediffmail.com,2021-08-10,11-10-2025,active
29IHRTJ1520ZPZK,IHRTJ1520Z,Shenoy Exports,Sohan Shenoy,"No. 199, 1st Extension, JP Nagar, Bengaluru - 560053",560053,Karnataka,Bengaluru Urban,proprietorship,trading,+917725796588,,2021-02-12,2024-07-26,Suspended
29YXRCL2848LIZT,YXRCL2848L,Patel Works,Arun Patel,"No. 445, 4th Extension, Indiranagar, Bengaluru - 560066",560066,Karnataka,Bengaluru Rural,llp,manufacturing,+916081245943,,02-12-2014,03-10-2021,Cancelled
29BLFCS7470TRZP,BLFCS7470T,Bhat & Sons,,"No. 103, 3rd Road, Bommanahalli, Bengaluru - 560003",560003,Karnataka,Bengaluru Rural,pvt_ltd,manufacturing,+918007283153,rajesh.bhat@gmail.com,16/01/2013,02-09-2024,Suspended
,IXZFP3199M,Shetty Services,Suresh Shetty,"No. 87, 1st Cross, Peenya, Bengaluru - 560076",560076,Karnataka,Bengaluru Urban,llp,construction,+916825096606,suresh.shetty@outlook.com,17-07-2005,2026-12-20,ACTIVE
29FRAHV1567N6ZW,FRAHV1567N,Naidu Solutions,,"No. 103, 3rd Avenue, Mahadevapura, Bengaluru - 560025",560025,Karnataka,Bengaluru Urban,llp,technology,+917720429306,,2006-09-09,18-03-2023,Dormant
29SXQHJ2088JKZR,SXQHJ2088J,Sharma Technologies,Kavita Sharma,"No. 458, 4th Extension, Basavanagudi, Bengaluru - 560045",560045,Karnataka,Bengaluru Rural,partnership,manufacturing,,,2002-08-18,28/08/2026,active
29UREHY3068EVZ7,UREHY3068E,Patel Manufacturing,Neha Patel,"No. 445, 5th Avenue, Varthur, Bengaluru - 560001",560001,Karnataka,Bengaluru Urban,partnership,manufacturing,+917566474661,neha.patel@gmail.com,05/09/2022,2020-12-04,Cancelled
29TIIFB5538CSZ5,TIIFB5538C,Naidu Works,Suresh Naidu,"No. 212, 1st Extension, JP Nagar, Bengaluru - 560009",,Karnataka,Bengaluru Urban,pvt_ltd,construction,+919796856438,suresh.naidu@yahoo.co.in,22-03-2021,2024-04-08,Dormant
29CRAFU9257BVZ8,CRAFU9257B,Rao Manufacturing,,"No. 477, 4th Main Road, Indiranagar, Bengaluru - 560025",560025,Karnataka,Bengaluru Rural,proprietorship,construction,+918714985746,arun.rao@yahoo.co.in,06-03-2002,16-09-2022,Dissolved
29UXRCX8166KOZQ,UXRCX8166K,Gupta & Sons,,"No. 413, 2nd Main Road, Yelahanka, Bengaluru - 560040",560040,Karnataka,Bengaluru Rural,public_ltd,services,,,17-06-2014,27-12-2025,Active
,MORHV7828Z,Pandey Technologies,,"No. 103, 3rd Avenue, Jayanagar, Bengaluru - 560094",560094,Karnataka,Bengaluru Urban,llp,technology,+917610725346,ramesh.pandey@yahoo.co.in,28-08-2010,13/12/2024,Suspended
29SBJHZ9350ISZE,SBJHZ9350I,Prasad Services,Deepa Prasad,"No. 350, 1st Main Road, Electronic City, Bengaluru - 560058",560058,Karnataka,Bengaluru Urban,public_ltd,trading,+919345152371,deepa.prasad@yahoo.co.in,13-04-2002,09/11/2026,Live
29MOJTK5957FYZP,MOJTK5957F,Pillai Services,Pooja Pillai,"No. 151, 2nd Avenue, Basavanagudi, Bengaluru - 560045",560045,Karnataka,Bengaluru Rural,pvt_ltd,construction,+919132692083,,2012-09-07,06-02-2022,Struck Off
29ULBTG3009Y0Z4,ULBTG3009Y,Nair & Co.,Priya Nair,"No. 425, 4th Street, Bommanahalli, Bengaluru - 560029",560029,Karnataka,Bengaluru Urban,llp,construction,,,21/02/2018,03-02-2026,ACTIVE
,DASPY7083Q,Jain Agency,Vijay Jain,"No. 16, 4th Main Road, Bellandur, Bengaluru - 560052",560052,Karnataka,Bengaluru Urban,public_ltd,manufacturing,,vijay.jain@rediffmail.com,2006-05-05,10-08-2026,Registered
,KOCCX7729Q,Iyer Services,Divya Iyer,"No. 410, 5th Avenue, Bellandur, Bengaluru - 560022",560022,Karnataka,Bengaluru Urban,pvt_ltd,manufacturing,+916606215936,,2003-02-17,07/04/2026,Active
29QHPAS3340HRZH,QHPAS3340H,Bhat Agency,,"No. 157, 4th Extension, Brookefield, Bengaluru - 560047",,Karnataka,Bengaluru Urban,proprietorship,technology,+918602881767,,04-03-2018,07-02-2025,active
,GXOTY1385J,Singh & Sons,Sanjay Singh,"No. 340, 2nd Avenue, MG Road, Bengaluru - 560066",560066,Karnataka,Bengaluru Urban,proprietorship,services,,sanjay.singh@outlook.com,10/11/2011,2026-11-16,active
29NUKHB0619UGZY,NUKHB0619U,Pandey & Sons,Sanjay Pandey,"No. 460, 1st Extension, Sarjapur Road, Bengaluru - 560076",560076,Karnataka,Bengaluru Rural,partnership,services,+916924837808,sanjay.pandey@outlook.com,17-06-2003,2025-08-05,Registered
29EJSPV2874PAZQ,EJSPV2874P,Reddy Technologies,Kavita Reddy,"No. 263, 1st Extension, Sarjapur Road, Bengaluru - 560011",560011,Karnataka,Bengaluru Urban,llp,services,+919195496878,kavita.reddy@gmail.com,22/02/2021,25-02-2026,active
29DPTAV5169TEZO,DPTAV5169T,Rao Enterprises,Arun Rao,"No. 351, 4th Avenue, Peenya, Bengaluru - 560068",560068,Karnataka,Bengaluru Urban,public_ltd,construction,+919195857069,,14/11/2018,21/12/2022,Deregistered
29FUUHL5776DGZU,FUUHL5776D,Jain Traders,,"No. 97, 1st Street, Marathahalli, Bengaluru - 560053",560053,Karnataka,Bengaluru Urban,pvt_ltd,technology,,raghav.jain@outlook.com,11-05-2012,28/07/2025,active
29OOEAR4957M7ZE,OOEAR4957M,Murthy Solutions,,"No. 403, 3rd Avenue, JP Nagar, Bengaluru - 560066",560066,Karnataka,Bengaluru Urban,llp,construction,,,06-11-2012,2020-04-27,Deregistered
29QLFTZ5175WAZ2,,Sharma Pvt Ltd,,"No. 205, 3rd Street, Brookefield, Bengaluru - 560038",560038,Karnataka,Bengaluru Rural,public_ltd,services,+916557002893,,22/09/2008,10/01/2020,Deregistered
29ENOAJ3152RGZS,ENOAJ3152R,Menon Associates,Sunil Menon,"No. 460, 5th Avenue, Yelahanka, Bengaluru - 560095",560095,Karnataka,Bengaluru Urban,partnership,trading,+916106962395,sunil.menon@gmail.com,2012-11-19,2025-12-17,Live
29OEICS2969PFZF,OEICS2969P,Prasad Corporation,,"No. 55, 1st Road, Brookefield, Bengaluru - 560017",560017,Karnataka,Bengaluru Rural,public_ltd,services,,ritu.prasad@outlook.com,27/07/2012,2026-08-14,Live
29BUMAB5361DTZK,BUMAB5361D,Pandey Engineers,,"No. 314, 3rd Main Road, Basavanagudi, Bengaluru - 560043",560043,Karnataka,Bengaluru Rural,public_ltd,services,+918293144734,priya.pandey@outlook.com,18-11-2005,13-04-2023,Default in Filing
29HGLHG1918F8ZX,HGLHG1918F,Mehta Works,Seema Mehta,"No. 440, 5th Road, Bommanahalli, Bengaluru - 560037",560037,Karnataka,Bengaluru Rural,proprietorship,trading,,seema.mehta@rediffmail.com,2018-06-21,27-11-2026,Live
29FOQCY2357OOZI,FOQCY2357O,Hegde Pvt Ltd,Pooja Hegde,"No. 314, 5th Layout, Sarjapur Road, Bengaluru - 560053",560053,Karnataka,Bengaluru Urban,public_ltd,technology,+919123226248,pooja.hegde@rediffmail.com,13/03/2020,2025-01-24,Registered
29SRYTX0110P1ZP,SRYTX0110P,Singh Solutions,Sohan Singh,"No. 44, 4th Cross, Whitefield, Bengaluru - 560079",560079,Karnataka,Bengaluru Urban,pvt_ltd,technology,,sohan.singh@outlook.com,2019-12-15,28-12-2020,Closed
29PQQAN5633R5ZS,PQQAN5633R,Kulkarni Manufacturing,Sunita Kulkarni,"No. 1, 5th Avenue, MG Road, Bengaluru - 560041",560041,Karnataka,Bengaluru Urban,pvt_ltd,technology,+917256472775,,16/06/2008,14/06/2022,Dissolved
29GSQHH2427THZI,GSQHH2427T,Kulkarni Services,Ganesh Kulkarni,"No. 149, 1st Street, Whitefield, Bengaluru - 560022",560022,Karnataka,Bengaluru Rural,partnership,manufacturing,+916261005112,,2004-01-17,11/08/2025,Registered
,KUMFO6007E,Bhat Pvt Ltd,Arun Bhat,"No. 425, 1st Road, JP Nagar, Bengaluru - 560037",560037,Karnataka,Bengaluru Urban,partnership,trading,,arun.bhat@rediffmail.com,22-11-2001,2022-12-02,Struck Off
29GQFPV2163F7ZP,GQFPV2163F,Bhat Traders,Sunita Bhat,"No. 46, 2nd Main Road, Brookefield, Bengaluru - 560048",560048,Karnataka,Bengaluru Rural,pvt_ltd,services,,sunita.bhat@outlook.com,31/07/2015,22-01-2023,Dormant
29JSGPP7554SMZK,JSGPP7554S,Murthy Industries,Nagaraj Murthy,"No. 152, 3rd Extension, Yelahanka, Bengaluru - 560017",560017,Karnataka,Bengaluru Rural,public_ltd,services,+916063108727,nagaraj.murthy@outlook.com,26-04-2022,17/10/2025,Live
29KICTC0910D6Z2,KICTC0910D,Pandey Works,,"No. 303, 3rd Road, Varthur, Bengaluru - 560079",560079,Karnataka,Bengaluru Rural,proprietorship,trading,+918609248080,nagaraj.pandey@outlook.com,04-12-2011,14/03/2025,Active
29CFNPX2316SBZZ,CFNPX2316S,Verma Agency,,"No. 406, 2nd Extension, Electronic City, Bengaluru - 560009",560009,Karnataka,Bengaluru Rural,public_ltd,trading,+917655995984,vinod.verma@outlook.com,18-10-2010,20-01-2026,active
,,Pillai Services,Neha Pillai,"No. 421, 3rd Extension, Brookefield, Bengaluru - 560002",560002,Karnataka,Bengaluru Urban,pvt_ltd,manufacturing,+919031352803,neha.pillai@yahoo.co.in,2021-08-23,08-12-2026,Active
29OXPFB7500YRZQ,OXPFB7500Y,Sharma & Sons,Ramesh Sharma,"No. 22, 3rd Extension, Peenya, Bengaluru - 560041",560041,Karnataka,Bengaluru Urban,partnership,construction,+917520734552,,05/12/2005,09-08-2026,Live
29BKCAN7115PCZZ,BKCAN7115P,Menon Corporation,Ganesh Menon,"No. 221, 3rd Street, Brookefield, Bengaluru - 560038",560038,Karnataka,Bengaluru Urban,partnership,technology,,,2019-10-04,2021-04-23,Cancelled
,RESPD7261J,Deshmukh Works,Suresh Deshmukh,"No. 379, 5th Main Road, BTM Layout, Bengaluru - 560045",560045,Karnataka,Bengaluru Urban,partnership,trading,+917569663952,,2012-03-02,2025-01-09,ACTIVE
29KHWTL8086HWZ6,KHWTL8086H,Singh Pvt Ltd,Arun Singh,"No. 288, 1st Road, Yelahanka, Bengaluru - 560066",560066,Karnataka,Bengaluru Urban,llp,trading,,arun.singh@gmail.com,27-04-2001,2021-04-06,Struck Off
29IKDTM5686N9ZR,IKDTM5686N,Deshmukh Constructions,,"No. 71, 5th Extension, Sarjapur Road, Bengaluru - 560029",560029,Karnataka,Bengaluru Urban,public_ltd,manufacturing,,anita.deshmukh@rediffmail.com,2005-04-23,30-05-2025,Registered
29AIZHJ4989ICZ6,AIZHJ4989I,Kumar Traders,,"No. 314, 2nd Extension, KR Puram, Bengaluru - 560078",560078,Karnataka,Bengaluru Urban,partnership,construction,+918636456738,,2007-05-07,2026-02-23,Registered
29YYFTG7099TKZT,YYFTG7099T,Reddy Traders,Vijay Reddy,"No. 202, 5th Street, Malleshwaram, Bengaluru - 560100",560100,Karnataka,Bengaluru Urban,pvt_ltd,services,+919480953755,,19/09/2019,08/08/2021,Cancelled
,EHXTQ9460Q,Shetty & Sons,Manoj Shetty,"No. 13, 2nd Layout, Yelahanka, Bengaluru - 560043",560043,Karnataka,Bengaluru Urban,llp,technology,,manoj.shetty@gmail.com,14-12-2022,14-02-2022,Closed
29JTXAV8117BJZS,JTXAV8117B,Swamy Solutions,Anita Swamy,"No. 319, 3rd Road, MG Road, Bengaluru - 560025",,Karnataka,Bengaluru Rural,public_ltd,services,+916850825440,,22-06-2012,2025-08-01,Active
,EBJCB6829B,Swamy Agency,Sanjay Swamy,"No. 394, 3rd Cross, Koramangala, Bengaluru - 560003",560003,Karnataka,Bengaluru Rural,public_ltd,services,+916878041834,sanjay.swamy@yahoo.co.in,2002-08-11,07-10-2026,active
29ZMRTJ4825T8ZV,ZMRTJ4825T,Shenoy Works,Rekha Shenoy,"No. 363, 3rd Main Road, HSR Layout, Bengaluru - 560079",,Karnataka,Bengaluru Urban,partnership,manufacturing,,rekha.shenoy@yahoo.co.in,19/08/2012,12/11/2023,Suspended
29NIATK3760FLZU,NIATK3760F,Shetty Works,,"No. 457, 5th Cross, Yelahanka, Bengaluru - 560085",560085,Karnataka,Bengaluru Rural,partnership,manufacturing,+916905565053,sunita.shetty@rediffmail.com,2012-07-31,20-01-2026,ACTIVE
,NEPCT1738W,Shenoy Corporation,Sanjay Shenoy,"No. 111, 5th Cross, Rajajinagar, Bengaluru - 560058",560058,Karnataka,Bengaluru Urban,pvt_ltd,technology,,sanjay.shenoy@outlook.com,2014-09-07,11-04-2023,Inactive
29RDSHM7509V5ZL,RDSHM7509V,Reddy Solutions,Nagaraj Reddy,"No. 160, 1st Extension, Hoodi, Bengaluru - 560094",560094,Karnataka,Bengaluru Rural,public_ltd,services,+918312341120,nagaraj.reddy@gmail.com,18-09-2015,25-05-2025,Live
,UOEFT8500V,Singh & Co.,Ajay Singh,"No. 306, 5th Street, Varthur, Bengaluru - 560022",560022,Karnataka,Bengaluru Rural,llp,manufacturing,+917387659741,ajay.singh@outlook.com,03-12-2013,22/04/2026,Active
29GFWAI9366ZKZT,GFWAI9366Z,Patel Works,Divya Patel,"No. 237, 2nd Cross, Hebbal, Bengaluru - 560047",560047,Karnataka,Bengaluru Rural,partnership,technology,+918547150345,,18/02/2007,2025-12-15,Active
29VPUHS7526CVZ7,VPUHS7526C,Kamath Associates,Priya Kamath,"No. 158, 4th Road, Electronic City, Bengaluru - 560058",560058,Karnataka,Bengaluru Urban,public_ltd,construction,,priya.kamath@yahoo.co.in,27/01/2013,2026-04-03,ACTIVE
29FWHTJ9979CWZP,FWHTJ9979C,Gowda Brothers,Ramesh Gowda,"No. 287, 3rd Road, Varthur, Bengaluru - 560001",560001,Karnataka,Bengaluru Rural,llp,technology,,,28/02/2016,2026-11-18,active
29DBATP6911ZTZR,DBATP6911Z,Patil Constructions,Pramod Patil,"No. 116, 2nd Layout, Basavanagudi, Bengaluru - 560050",560050,Karnataka,Bengaluru Urban,llp,technology,,pramod.patil@gmail.com,2003-08-04,23/06/2024,Suspended
29MCXPH4790UJZ3,MCXPH4790U,Bhat Agency,Venkatesh Bhat,"No. 376, 3rd Layout, KR Puram, Bengaluru - 560062",560062,Karnataka,Bengaluru Rural,public_ltd,trading,+917209775041,,23/03/2001,10-05-2025,Registered
29BUGAI2276SSZN,BUGAI2276S,Shenoy Pvt Ltd,Nagaraj Shenoy,"No. 44, 2nd Extension, Malleshwaram, Bengaluru - 560003",560003,Karnataka,Bengaluru Urban,proprietorship,manufacturing,,nagaraj.shenoy@rediffmail.com,08/07/2007,05/11/2025,ACTIVE
29TTNHV7418ASZO,TTNHV7418A,Rao Constructions,Ritu Rao,"No. 471, 3rd Cross, Mahadevapura, Bengaluru - 560055",560055,Karnataka,Bengaluru Rural,public_ltd,trading,+917825462675,,22-06-2000,2025-03-11,Live
29KNRFH7206BDZ7,KNRFH7206B,Shetty & Sons,Rekha Shetty,"No. 95, 3rd Cross, Varthur, Bengaluru - 560010",560010,Karnataka,Bengaluru Rural,llp,construction,+919692497310,,2014-12-03,2025-09-29,Live
,,Patel Industries,,"No. 460, 4th Main Road, MG Road, Bengaluru - 560058",560058,Karnataka,Bengaluru Urban,partnership,technology,+919627955944,,24/02/2000,2022-09-14,Closed
29OYJTJ4690RLZ5,OYJTJ4690R,Prasad Pvt Ltd,Mahesh Prasad,"No. 98, 3rd Street, Bellandur, Bengaluru - 560050",560050,Karnataka,Bengaluru Rural,proprietorship,construction,,,20/10/2013,2026-04-06,active
,,Reddy Technologies,Lakshmi Reddy,"No. 242, 5th Road, MG Road, Bengaluru - 560092",560092,Karnataka,Bengaluru Urban,public_ltd,construction,,lakshmi.reddy@gmail.com,2009-11-22,12/03/2024,Dormant
29VZRFD9518Z2ZB,VZRFD9518Z,Naidu Manufacturing,,"No. 87, 3rd Extension, Banashankari, Bengaluru - 560103",560103,Karnataka,Bengaluru Urban,proprietorship,services,,sunita.naidu@gmail.com,22/09/2012,02-05-2024,Suspended
29DDHHN2165W5ZJ,DDHHN2165W,Sharma Constructions,Mohan Sharma,"No. 272, 1st Extension, Indiranagar, Bengaluru - 560025",560025,Karnataka,Bengaluru Rural,proprietorship,manufacturing,+918462011894,mohan.sharma@yahoo.co.in,02/05/2016,15/09/2025,active
,QXLPX0510Q,Mehta & Co.,,"No. 460, 3rd Main Road, Bellandur, Bengaluru - 560102",,Karnataka,Bengaluru Urban,llp,technology,+917224180504,,27/12/2007,14-04-2026,active
29FJHFE0521OAZL,FJHFE0521O,Jain Traders,Kavita Jain,"No. 464, 2nd Extension, Mahadevapura, Bengaluru - 560085",,Karnataka,Bengaluru Urban,llp,trading,,,22-12-2009,11/01/2020,Closed
29ZBMAB4386DFZ5,ZBMAB4386D,Sharma & Co.,Varun Sharma,"No. 152, 2nd Street, Basavanagudi, Bengaluru - 560011",560011,Karnataka,Bengaluru Urban,pvt_ltd,services,,varun.sharma@outlook.com,29-10-2020,2026-10-05,active
29KRNFN7665G5ZL,KRNFN7665G,Mishra Trading Co.,Divya Mishra,"No. 239, 5th Road, Basavanagudi, Bengaluru - 560050",560050,Karnataka,Bengaluru Rural,pvt_ltd,services,+917150729214,divya.mishra@yahoo.co.in,27/10/2015,10/03/2026,Live
29BJLAQ8458JNZ4,BJLAQ8458J,Kamath Industries,Mukesh Kamath,"No. 148, 1st Road, Electronic City, Bengaluru - 560052",560052,Karnataka,Bengaluru Urban,llp,trading,+917111290469,mukesh.kamath@outlook.com,29-11-2019,2025-10-26,Active
29BWGAU3567PXZZ,BWGAU3567P,Agarwal Engineers,,"No. 405, 3rd Main Road, Electronic City, Bengaluru - 560041",560041,Karnataka,Bengaluru Rural,partnership,services,,anita.agarwal@yahoo.co.in,2010-09-02,21-11-2025,Active
29DGEAW0333RYZJ,DGEAW0333R,Kumar & Sons,Lakshmi Kumar,"No. 476, 3rd Main Road, Yelahanka, Bengaluru - 560017",560017,Karnataka,Bengaluru Urban,proprietorship,trading,+917628979677,lakshmi.kumar@outlook.com,2021-06-26,2026-07-19,Registered
29IKVHL0065HHZC,IKVHL0065H,Deshmukh Industries,,"No. 252, 3rd Extension, BTM Layout, Bengaluru - 560052",560052,Karnataka,Bengaluru Urban,llp,construction,,venkatesh.deshmukh@yahoo.co.in,06/11/2019,11-03-2026,ACTIVE
29XDPPE2489COZ5,XDPPE2489C,Gupta & Co.,Rekha Gupta,"No. 364, 5th Avenue, Yelahanka, Bengaluru - 560071",560071,Karnataka,Bengaluru Urban,partnership,manufacturing,+918135088354,rekha.gupta@gmail.com,13/10/2011,2022-08-25,Deregistered
29QXKHW6074CNZU,QXKHW6074C,Iyer Works,Divya Iyer,"No. 376, 5th Road, Peenya, Bengaluru - 560048",560048,Karnataka,Bengaluru Rural,pvt_ltd,trading,+918514630369,divya.iyer@gmail.com,12-06-2003,2026-10-06,Live
29TPEFK8636WYZM,TPEFK8636W,Jain Brothers,,"No. 472, 2nd Road, Malleshwaram, Bengaluru - 560053",560053,Karnataka,Bengaluru Urban,llp,construction,+918587569877,lakshmi.jain@gmail.com,2003-06-05,18/01/2023,Dormant
29JRDHT5913XEZ8,JRDHT5913X,Agarwal Technologies,Varun Agarwal,"No. 218, 1st Road, Koramangala, Bengaluru - 560011",560011,Karnataka,Bengaluru Urban,proprietorship,manufacturing,+916701750120,varun.agarwal@gmail.com,19-03-2009,13-01-2021,Struck Off
29JCVFS3157H4Z6,JCVFS3157H,Nair Services,Deepa Nair,"No. 276, 1st Street, Brookefield, Bengaluru - 560018",560018,Karnataka,Bengaluru Urban,public_ltd,services,,deepa.nair@outlook.com,17/03/2010,2025-11-18,Registered
29MNMFW2704MJZS,MNMFW2704M,Kulkarni Exports,,"No. 459, 4th Street, Koramangala, Bengaluru - 560025",560025,Karnataka,Bengaluru Rural,proprietorship,services,,vinod.kulkarni@gmail.com,2016-04-25,02/09/2026,ACTIVE
29DVSFY7527UMZU,,Pai Manufacturing,,"No. 63, 3rd Layout, Indiranagar, Bengaluru - 560060",560060,Karnataka,Bengaluru Rural,public_ltd,trading,,sunita.pai@yahoo.co.in,2004-04-27,16/06/2024,Inactive
,UFRHQ2385Y,Naidu & Sons,Pramod Naidu,"No. 227, 4th Road, JP Nagar, Bengaluru - 560043",560043,Karnataka,Bengaluru Urban,public_ltd,technology,+918583741741,pramod.naidu@outlook.com,27/01/2021,10-06-2025,ACTIVE
,BGPHT6720S,Kumar Associates,,"No. 177, 3rd Layout, Banashankari, Bengaluru - 560009",560009,Karnataka,Bengaluru Rural,llp,manufacturing,,vijay.kumar@rediffmail.com,13-12-2018,08/03/2026,Registered
,AMAFM5304W,Shah Pvt Ltd,,"No. 104, 4th Street, Banashankari, Bengaluru - 560048",560048,Karnataka,Bengaluru Urban,proprietorship,trading,+918209427080,,26/04/2021,20-03-2025,Registered
29VNHTR3425VBZ1,VNHTR3425V,Shenoy Services,Sunil Shenoy,"No. 273, 5th Avenue, Sarjapur Road, Bengaluru - 560038",560038,Karnataka,Bengaluru Rural,llp,services,+919531163438,sunil.shenoy@gmail.com,22/12/2011,20-09-2025,Registered
29PKCCA2845N2ZC,PKCCA2845N,Shetty Enterprises,Sohan Shetty,"No. 282, 2nd Street, Bellandur, Bengaluru - 560038",560038,Karnataka,Bengaluru Urban,partnership,construction,,sohan.shetty@gmail.com,2010-08-03,2026-05-28,Registered
29NVYAI4057KOZF,,Rao Pvt Ltd,Varun Rao,"No. 210, 3rd Avenue, Yelahanka, Bengaluru - 560038",560038,Karnataka,Bengaluru Urban,pvt_ltd,trading,+916561542271,,11-12-2000,12-03-2020,Dissolved
29RYRTH2367ZYZF,RYRTH2367Z,Tiwari Manufacturing,Seema Tiwari,"No. 121, 3rd Main Road, Brookefield, Bengaluru - 560008",560008,Karnataka,Bengaluru Urban,llp,trading,+916687408894,seema.tiwari@outlook.com,2004-07-02,2024-06-02,Default in Filing
29JPVTK4006U8Z0,JPVTK4006U,Agarwal Associates,Mukesh Agarwal,"No. 128, 5th Street, Electronic City, Bengaluru - 560010",560010,Karnataka,Bengaluru Urban,partnership,trading,+916734726871,mukesh.agarwal@outlook.com,26/08/2017,2021-04-04,Deregistered
,,Hegde Industries,Sanjay Hegde,"No. 61, 1st Street, KR Puram, Bengaluru - 560018",560018,Karnataka,Bengaluru Rural,public_ltd,services,,sanjay.hegde@outlook.com,01/09/2009,13/07/2023,Dormant
,EUAFH6936O,Mehta & Sons,,"No. 363, 4th Street, JP Nagar, Bengaluru - 560098",560098,Karnataka,Bengaluru Rural,pvt_ltd,manufacturing,+919003299995,,19-08-2022,09-02-2026,Registered
,JZOAF2598E,Iyer Solutions,Neha Iyer,"No. 256, 3rd Street, Whitefield, Bengaluru - 560003",560003,Karnataka,Bengaluru Rural,llp,technology,+916286723839,neha.iyer@yahoo.co.in,2002-05-21,2025-08-24,ACTIVE
29AGSHD9903WTZV,AGSHD9903W,Hegde Solutions,Ritu Hegde,"No. 445, 3rd Main Road, BTM Layout, Bengaluru - 560008",560008,Karnataka,Bengaluru Urban,pvt_ltd,manufacturing,,ritu.hegde@outlook.com,01/03/2001,2024-11-27,Inactive
29KPYFE0474U0ZL,KPYFE0474U,Mehta Engineers,Anita Mehta,"No. 411, 3rd Cross, Jayanagar, Bengaluru - 560029",560029,Karnataka,Bengaluru Urban,pvt_ltd,construction,,anita.mehta@outlook.com,2006-11-30,19-03-2026,Live
29UIRCL6854MRZ5,UIRCL6854M,Swamy & Co.,Vinod Swamy,"No. 263, 3rd Layout, Jayanagar, Bengaluru - 560008",560008,Karnataka,Bengaluru Urban,public_ltd,services,,vinod.swamy@rediffmail.com,09/03/2019,2026-07-19,active
,XNNHD4783S,Naidu Agency,Rekha Naidu,"No. 24, 1st Layout, JP Nagar, Bengaluru - 560022",560022,Karnataka,Bengaluru Rural,llp,manufacturing,,rekha.naidu@rediffmail.com,2000-10-20,2025-01-14,ACTIVE
,RLKTX6469L,Shetty Enterprises,Arun Shetty,"No. 357, 2nd Avenue, MG Road, Bengaluru - 560010",560010,Karnataka,Bengaluru Urban,proprietorship,manufacturing,,arun.shetty@outlook.com,2007-06-14,31/03/2024,Inactive
29MWPCJ5800URZQ,MWPCJ5800U,Jain Trading Co.,Lakshmi Jain,"No. 263, 5th Street, Hebbal, Bengaluru - 560052",560052,Karnataka,Bengaluru Rural,llp,construction,,,2000-12-06,16/07/2025,Registered
29IGFTK9874JOZQ,IGFTK9874J,Bhat Pvt Ltd,Varun Bhat,"No. 384, 1st Street, Varthur, Bengaluru - 560040",560040,Karnataka,Bengaluru Rural,pvt_ltd,trading,+918114794259,,2007-02-11,2024-05-30,Inactive
,UICCD5497Y,Pai Traders,Priya Pai,"No. 475, 4th Avenue, Jayanagar, Bengaluru - 560098",560098,Karnataka,Bengaluru Rural,partnership,trading,+919976815511,priya.pai@yahoo.co.in,07-02-2013,03/06/2026,Live
29TCQFE1297AUZL,,Murthy Industries,Rohan Murthy,"No. 387, 4th Cross, Varthur, Bengaluru - 560048",560048,Karnataka,Bengaluru Urban,llp,manufacturing,,,2006-07-13,2024-06-13,Suspended
,CIZCN0766S,Jain & Co.,,"No. 284, 3rd Street, Varthur, Bengaluru - 560095",560095,Karnataka,Bengaluru Rural,llp,trading,+917025974257,,06/11/2008,05/07/2026,ACTIVE
,KSWAR2055Y,Iyer Corporation,Seema Iyer,"No. 259, 1st Street, Banashankari, Bengaluru - 560100",560100,Karnataka,Bengaluru Urban,public_ltd,technology,+917251794503,seema.iyer@yahoo.co.in,28/06/2010,14-11-2026,active
,ODJTH1517O,Singh Industries,Ramesh Singh,"No. 244, 2nd Layout, Whitefield, Bengaluru - 560055",560055,Karnataka,Bengaluru Urban,partnership,construction,,ramesh.singh@outlook.com,22-06-2006,30/12/2026,Active
29DSWPW2479L7ZQ,DSWPW2479L,Mishra Engineers,Deepa Mishra,"No. 79, 1st Cross, Peenya, Bengaluru - 560003",560003,Karnataka,Bengaluru Rural,proprietorship,manufacturing,+917347150882,deepa.mishra@outlook.com,2015-08-22,05/05/2022,Closed
29OOXHP8811USZS,OOXHP8811U,Mehta Industries,Manoj Mehta,"No. 461, 4th Cross, HSR Layout, Bengaluru - 560050",560050,Karnataka,Bengaluru Urban,public_ltd,services,+916768757751,manoj.mehta@gmail.com,16-05-2002,03-05-2026,Active
29XDYCA2288SYZK,XDYCA2288S,Reddy Works,Suresh Reddy,"No. 93, 4th Road, Banashankari, Bengaluru - 560045",560045,Karnataka,Bengaluru Rural,public_ltd,manufacturing,+916210112034,,2014-08-04,01/03/2025,Registered
29KIKFI3812YFZV,KIKFI3812Y,Pai & Sons,Divya Pai,"No. 163, 4th Extension, Jayanagar, Bengaluru - 560038",,Karnataka,Bengaluru Rural,public_ltd,trading,,,31/03/2018,14-10-2026,Active
,FZJCZ2995B,Jain Pvt Ltd,Rajesh Jain,"No. 140, 5th Cross, Hebbal, Bengaluru - 560004",560004,Karnataka,Bengaluru Rural,pvt_ltd,technology,,rajesh.jain@yahoo.co.in,2019-05-18,22-11-2025,Registered
29YQZTO2632T8Z0,,Swamy & Co.,Lakshmi Swamy,"No. 276, 1st Avenue, JP Nagar, Bengaluru - 560103",560103,Karnataka,Bengaluru Urban,llp,manufacturing,+919884193638,lakshmi.swamy@gmail.com,2016-08-13,15-08-2025,Active
29AHXFG0637HNZ2,AHXFG0637H,Nair Enterprises,Arun Nair,"No. 57, 3rd Extension, JP Nagar, Bengaluru - 560085",560085,Karnataka,Bengaluru Rural,pvt_ltd,technology,,arun.nair@yahoo.co.in,09-08-2008,11-12-2026,Registered
29NGOHA9690KQZH,NGOHA9690K,Kamath Works,,"No. 23, 2nd Road, Brookefield, Bengaluru - 560068",560068,Karnataka,Bengaluru Rural,partnership,services,+916533388926,,18/05/2007,04-10-2026,ACTIVE
29CMVAZ6321H3ZL,CMVAZ6321H,Menon Industries,,"No. 321, 4th Extension, Indiranagar, Bengaluru - 560103",560103,Karnataka,Bengaluru Urban,proprietorship,manufacturing,+919993867080,pramod.menon@outlook.com,03-07-2002,26/01/2026,active
29CTGAZ6037TLZ1,,Shah Engineers,Arun Shah,"No. 7, 5th Street, Indiranagar, Bengaluru - 560009",560009,Karnataka,Bengaluru Urban,public_ltd,trading,,arun.shah@yahoo.co.in,20-07-2019,02/01/2022,Closed
29PODHJ6295V3ZF,PODHJ6295V,Gowda & Co.,Ritu Gowda,"No. 328, 2nd Avenue, BTM Layout, Bengaluru - 560025",560025,Karnataka,Bengaluru Urban,proprietorship,services,,ritu.gowda@rediffmail.com,2020-05-18,04-01-2025,ACTIVE
29FFQCP7937G0ZN,FFQCP7937G,Verma Enterprises,Divya Verma,"No. 226, 2nd Street, Rajajinagar, Bengaluru - 560017",560017,Karnataka,Bengaluru Rural,proprietorship,trading,,divya.verma@yahoo.co.in,09-12-2000,2026-11-02,ACTIVE
29IFLFZ3157T4Z7,IFLFZ3157T,Shetty Services,,"No. 356, 3rd Cross, JP Nagar, Bengaluru - 560070",560070,Karnataka,Bengaluru Rural,public_ltd,technology,+918975821262,,2021-12-07,26-04-2024,Default in Filing
29PEKTY5443LUZV,PEKTY5443L,Tiwari Engineers,,"No. 459, 2nd Layout, HSR Layout, Bengaluru - 560029",560029,Karnataka,Bengaluru Urban,public_ltd,services,+916243182072,,05/11/2001,11/12/2025,Live
29LLJHK2042C5ZI,LLJHK2042C,Singh Manufacturing,Kiran Singh,"No. 37, 3rd Road, Indiranagar, Bengaluru - 560009",560009,Karnataka,Bengaluru Urban,pvt_ltd,manufacturing,+917133862799,kiran.singh@rediffmail.com,22/08/2012,18/02/2024,Dormant
29VTATQ9982XUZE,VTATQ9982X,Kamath Agency,,"No. 434, 2nd Layout, Malleshwaram, Bengaluru - 560008",,Karnataka,Bengaluru Rural,partnership,trading,,,20/10/2018,18-02-2024,Suspended
29NIAPE1936TPZO,NIAPE1936T,Tiwari Industries,Raghav Tiwari,"No. 244, 1st Cross, BTM Layout, Bengaluru - 560050",560050,Karnataka,Bengaluru Rural,partnership,services,+917015064109,raghav.tiwari@rediffmail.com,21-01-2013,2026-04-11,Active
,JAIHM1154C,Bhat Pvt Ltd,Seema Bhat,"No. 258, 4th Cross, BTM Layout, Bengaluru - 560076",560076,Karnataka,Bengaluru Urban,pvt_ltd,manufacturing,+919948623544,seema.bhat@gmail.com,20/06/2020,29/12/2024,Dormant
29KVWHH1643V6ZP,KVWHH1643V,Murthy Manufacturing,Raghav Murthy,"No. 470, 1st Street, Bellandur, Bengaluru - 560040",560040,Karnataka,Bengaluru Urban,proprietorship,technology,+916471375741,,2020-09-24,13-12-2026,active
29TJTCM0271VVZT,TJTCM0271V,Menon Agency,Anita Menon,"No. 431, 2nd Main Road, Marathahalli, Bengaluru - 560062",560062,Karnataka,Bengaluru Urban,partnership,technology,+919117160241,,30-10-2019,13-10-2026,ACTIVE
29QSXHW3007YFZN,QSXHW3007Y,Kumar & Co.,Suresh Kumar,"No. 421, 2nd Street, Malleshwaram, Bengaluru - 560001",560001,Karnataka,Bengaluru Urban,partnership,technology,+918908670583,suresh.kumar@yahoo.co.in,20/09/2017,2025-08-07,Active
,JEKFA3408U,Shenoy Solutions,Raghav Shenoy,"No. 129, 1st Extension, Electronic City, Bengaluru - 560073",560073,Karnataka,Bengaluru Rural,public_ltd,manufacturing,+916696368384,,19/02/2020,27-08-2025,Registered
,PZGAY8377T,Shenoy Exports,Arun Shenoy,"No. 105, 1st Main Road, JP Nagar, Bengaluru - 560017",560017,Karnataka,Bengaluru Rural,partnership,trading,,,26-03-2009,2026-11-12,Registered
,USFHQ3408C,Swamy Engineers,Varun Swamy,"No. 41, 4th Street, Peenya, Bengaluru - 560034",560034,Karnataka,Bengaluru Rural,pvt_ltd,manufacturing,+917114635928,varun.swamy@outlook.com,11/11/2017,28/03/2026,ACTIVE
29NTTHA7409J9ZZ,,Kamath Exports,,"No. 288, 5th Layout, JP Nagar, Bengaluru - 560040",560040,Karnataka,Bengaluru Urban,llp,trading,+917141105749,sunil.kamath@outlook.com,16/12/2021,2026-08-26,ACTIVE
29KBXHS1797YWZV,KBXHS1797Y,Pandey & Co.,Mohan Pandey,"No. 18, 3rd Street, Hebbal, Bengaluru - 560034",560034,Karnataka,Bengaluru Urban,public_ltd,construction,+918246269807,,09-08-2003,2022-05-16,Deregistered
29VGHAV8577X6ZM,VGHAV8577X,Tiwari Exports,Rajesh Tiwari,"No. 1, 1st Road, Hebbal, Bengaluru - 560018",560018,Karnataka,Bengaluru Rural,partnership,services,+916671371194,rajesh.tiwari@yahoo.co.in,24-08-2002,16/07/2025,ACTIVE
,ZWLAD8123I,Menon Works,,"No. 52, 1st Road, Brookefield, Bengaluru - 560095",560095,Karnataka,Bengaluru Rural,pvt_ltd,construction,+919670273592,,07/04/2019,18/12/2025,Live
29VYRHT0331OPZ8,VYRHT0331O,Naidu Mills,,"No. 418, 2nd Cross, Brookefield, Bengaluru - 560097",560097,Karnataka,Bengaluru Rural,partnership,construction,+916560693689,,25/09/2021,25/03/2023,Dormant
29LYYTW9721EWZ2,LYYTW9721E,Singh Exports,Sunil Singh,"No. 489, 1st Layout, Yelahanka, Bengaluru - 560018",560018,Karnataka,Bengaluru Urban,pvt_ltd,services,,sunil.singh@rediffmail.com,13-05-2021,20-05-2025,Registered
29QMUFH9766MOZZ,QMUFH9766M,Pillai Manufacturing,Divya Pillai,"No. 58, 1st Cross, Koramangala, Bengaluru - 560040",560040,Karnataka,Bengaluru Urban,pvt_ltd,trading,+919513373513,divya.pillai@outlook.com,31-08-2005,2024-08-27,Dormant
29CAWFE8226E9Z2,CAWFE8226E,Agarwal Mills,Divya Agarwal,"No. 294, 4th Street, Varthur, Bengaluru - 560038",560038,Karnataka,Bengaluru Urban,llp,services,+916290817892,,29/07/2017,2020-11-22,Dissolved
29OIRFY3072GZZP,OIRFY3072G,Mehta Engineers,Ramesh Mehta,"No. 235, 2nd Extension, Rajajinagar, Bengaluru - 560098",560098,Karnataka,Bengaluru Urban,llp,construction,,ramesh.mehta@yahoo.co.in,2007-07-19,2026-05-01,Registered
29YDNFS4172DVZJ,YDNFS4172D,Singh Agency,Vijay Singh,"No. 335, 4th Cross, Sarjapur Road, Bengaluru - 560038",560038,Karnataka,Bengaluru Urban,partnership,technology,,vijay.singh@gmail.com,22/03/2017,07/06/2022,Deregistered
29OCBAF4738ZVZ4,OCBAF4738Z,Naidu Services,Divya Naidu,"No. 356, 2nd Road, Mahadevapura, Bengaluru - 560022",560022,Karnataka,Bengaluru Rural,partnership,technology,+917112158095,,23-12-2018,2025-11-04,Live
29YNUTR4565LWZD,YNUTR4565L,Menon Trading Co.,,"No. 439, 2nd Main Road, Rajajinagar, Bengaluru - 560017",560017,Karnataka,Bengaluru Urban,public_ltd,services,+917274526149,,2009-02-20,03-10-2025,ACTIVE
29SFJTU8641Z1ZF,SFJTU8641Z,Naidu Constructions,Divya Naidu,"No. 209, 1st Cross, Bommanahalli, Bengaluru - 560095",560095,Karnataka,Bengaluru Urban,public_ltd,services,+917971720929,,01-10-2013,2024-05-16,Dormant
29NSWAI6819MYZZ,NSWAI6819M,Tiwari Works,,"No. 352, 5th Street, MG Road, Bengaluru - 560037",560037,Karnataka,Bengaluru Urban,llp,services,+918152963764,,17/11/2015,10/10/2025,active
29NSYCJ6037C4ZF,NSYCJ6037C,Gowda Industries,Deepa Gowda,"No. 414, 1st Layout, Hebbal, Bengaluru - 560071",560071,Karnataka,Bengaluru Urban,pvt_ltd,technology,+916466510180,deepa.gowda@outlook.com,15-12-2010,24-06-2024,Default in Filing
29PPZTY5208Q3ZR,PPZTY5208Q,Murthy Brothers,,"No. 128, 5th Avenue, Bellandur, Bengaluru - 560045",,Karnataka,Bengaluru Urban,public_ltd,construction,,,2021-11-25,23/09/2026,Registered
29IJATF4041Q9ZQ,IJATF4041Q,Shenoy Enterprises,Sunita Shenoy,"No. 116, 4th Layout, Marathahalli, Bengaluru - 560094",560094,Karnataka,Bengaluru Rural,partnership,trading,,,2004-12-18,17/05/2025,active
29KIATG9991P8ZK,KIATG9991P,Pai & Sons,Anita Pai,"No. 406, 1st Main Road, Indiranagar, Bengaluru - 560010",560010,Karnataka,Bengaluru Urban,llp,manufacturing,+917572639742,,11-02-2011,2026-06-08,Registered
29GTWTH6447DWZB,GTWTH6447D,Hegde Corporation,Divya Hegde,"No. 20, 3rd Main Road, JP Nagar, Bengaluru - 560011",560011,Karnataka,Bengaluru Urban,llp,technology,+916018357924,divya.hegde@gmail.com,26/04/2002,08/01/2026,Active
29YSGPF0072P6ZR,YSGPF0072P,Shenoy Brothers,Pooja Shenoy,"No. 50, 1st Street, Indiranagar, Bengaluru - 560041",560041,Karnataka,Bengaluru Urban,public_ltd,services,+917387562250,pooja.shenoy@gmail.com,2005-05-25,2026-11-02,Live
,FLCAT3792X,Iyer Constructions,Ritu Iyer,"No. 323, 1st Layout, Yelahanka, Bengaluru - 560048",,Karnataka,Bengaluru Urban,llp,construction,+916495056105,ritu.iyer@yahoo.co.in,2003-05-13,06/06/2026,Registered
29OKPCF0550ZWZX,OKPCF0550Z,Pillai Exports,Rohan Pillai,"No. 88, 2nd Road, Indiranagar, Bengaluru - 560071",560071,Karnataka,Bengaluru Urban,pvt_ltd,manufacturing,+917018927628,rohan.pillai@gmail.com,22/07/2016,24-12-2026,active
29GDXFK9603XBZG,GDXFK9603X,Rao & Sons,Sohan Rao,"No. 310, 5th Main Road, Sarjapur Road, Bengaluru - 560085",560085,Karnataka,Bengaluru Rural,llp,manufacturing,,,21/02/2008,2025-06-30,ACTIVE
,OYEFA3886G,Menon Agency,Ajay Menon,"No. 270, 2nd Street, Hoodi, Bengaluru - 560009",560009,Karnataka,Bengaluru Urban,proprietorship,manufacturing,+919308760201,ajay.menon@gmail.com,07-03-2015,23/05/2025,Live
,TXVFK4252R,Jain Solutions,,"No. 1, 2nd Road, Whitefield, Bengaluru - 560053",560053,Karnataka,Bengaluru Urban,proprietorship,services,+916332966794,venkatesh.jain@gmail.com,22/08/2012,2025-12-08,ACTIVE
29JYCPT1431NJZI,,Rao Manufacturing,Lakshmi Rao,"No. 478, 3rd Avenue, Basavanagudi, Bengaluru - 560094",560094,Karnataka,Bengaluru Urban,llp,technology,+919897114798,lakshmi.rao@gmail.com,2012-06-28,2025-05-11,Registered
29TJMHW9661UOZQ,TJMHW9661U,Shenoy Constructions,Raghav Shenoy,"No. 43, 5th Street, JP Nagar, Bengaluru - 560030",560030,Karnataka,Bengaluru Rural,partnership,trading,+918720905990,raghav.shenoy@rediffmail.com,21/03/2013,19/07/2026,ACTIVE
29GVBCD9730N6Z4,GVBCD9730N,Murthy Enterprises,Sunita Murthy,"No. 41, 2nd Road, Whitefield, Bengaluru - 560048",560048,Karnataka,Bengaluru Urban,proprietorship,trading,+916117762437,sunita.murthy@gmail.com,2006-12-29,06-03-2020,Deregistered
,TNAHV9472S,Pandey Technologies,Varun Pandey,"No. 29, 2nd Layout, Mahadevapura, Bengaluru - 560052",560052,Karnataka,Bengaluru Urban,proprietorship,manufacturing,+919843681861,varun.pandey@gmail.com,08-04-2016,2023-12-10,Dormant
29GECCT0912B5Z2,,Bhat Trading Co.,,"No. 484, 3rd Road, Koramangala, Bengaluru - 560043",560043,Karnataka,Bengaluru Rural,partnership,technology,+917953331638,ramesh.bhat@gmail.com,23-01-2001,03-05-2024,Dormant
,WAETO0692G,Shah Agency,Anita Shah,"No. 185, 5th Avenue, Rajajinagar, Bengaluru - 560045",,Karnataka,Bengaluru Rural,pvt_ltd,services,+919873260164,anita.shah@gmail.com,29/11/2003,2025-11-18,Live
29YEHFL0172PSZ8,YEHFL0172P,Reddy Brothers,Deepa Reddy,"No. 439, 5th Street, Banashankari, Bengaluru - 560052",560052,Karnataka,Bengaluru Urban,public_ltd,services,,deepa.reddy@gmail.com,2000-05-10,18/08/2021,Cancelled
,EKBHO6345O,Rao & Sons,Vinod Rao,"No. 169, 1st Cross, JP Nagar, Bengaluru - 560025",560025,Karnataka,Bengaluru Rural,pvt_ltd,manufacturing,,vinod.rao@outlook.com,17/04/2019,2025-08-05,ACTIVE
29YRHTF0042WQZX,YRHTF0042W,Iyer Pvt Ltd,Ramesh Iyer,"No. 176, 3rd Main Road, Banashankari, Bengaluru - 560008",560008,Karnataka,Bengaluru Urban,public_ltd,manufacturing,,,27/06/2006,2023-11-21,Inactive
29DLDFD7627O8ZS,,Reddy Services,,"No. 280, 2nd Extension, Varthur, Bengaluru - 560053",560053,Karnataka,Bengaluru Rural,llp,construction,+918399508085,arun.reddy@gmail.com,28/07/2018,10/07/2026,Registered
29NTCCO4155MRZI,NTCCO4155M,Singh Solutions,Mukesh Singh,"No. 316, 4th Road, MG Road, Bengaluru - 560092",560092,Karnataka,Bengaluru Rural,pvt_ltd,manufacturing,+919658682751,,23/10/2020,2022-03-21,Struck Off
,YUNFV2874H,Kumar Technologies,,"No. 308, 3rd Cross, Hoodi, Bengaluru - 560068",560068,Karnataka,Bengaluru Urban,pvt_ltd,construction,+916291688516,sanjay.kumar@yahoo.co.in,08/02/2007,2026-12-29,Live
29NQUTI8130A9Z1,NQUTI8130A,Pandey Enterprises,Anita Pandey,"No. 324, 3rd Main Road, Sarjapur Road, Bengaluru - 560060",560060,Karnataka,Bengaluru Urban,proprietorship,technology,+918252777629,anita.pandey@gmail.com,22/12/2004,2020-09-08,Cancelled
,DGEPP8921Z,Patel Services,Manoj Patel,"No. 325, 4th Avenue, Malleshwaram, Bengaluru - 560050",560050,Karnataka,Bengaluru Urban,public_ltd,services,+918296681339,manoj.patel@gmail.com,2011-06-01,31-01-2025,Live
,,Singh Brothers,Deepa Singh,"No. 415, 4th Layout, Hoodi, Bengaluru - 560060",560060,Karnataka,Bengaluru Rural,llp,construction,+918218791751,,05/01/2020,06/10/2025,Registered
29QPLAL3601BGZQ,QPLAL3601B,Verma & Sons,,"No. 415, 3rd Layout, Electronic City, Bengaluru - 560010",560010,Karnataka,Bengaluru Urban,public_ltd,services,+917223130672,suresh.verma@rediffmail.com,21/12/2002,06-08-2025,ACTIVE
29FOSTC5664K3ZV,FOSTC5664K,Gupta & Co.,Divya Gupta,"No. 88, 5th Cross, Yelahanka, Bengaluru - 560010",560010,Karnataka,Bengaluru Rural,proprietorship,trading,+918526899284,,11/02/2003,02-03-2026,ACTIVE
29HIIPR7402O7ZN,HIIPR7402O,Pillai Trading Co.,Rajesh Pillai,"No. 166, 4th Main Road, Indiranagar, Bengaluru - 560011",560011,Karnataka,Bengaluru Urban,pvt_ltd,manufacturing,+919193999827,,14/05/2003,20/09/2026,Active
29HEDHD1878N7ZX,,Bhat Works,Rohan Bhat,"No. 375, 4th Main Road, Brookefield, Bengaluru - 560043",560043,Karnataka,Bengaluru Urban,partnership,manufacturing,+917773826860,rohan.bhat@outlook.com,03-08-2000,2026-01-30,active
,MIVAQ8734E,Mishra & Sons,Pramod Mishra,"No. 104, 4th Main Road, Peenya, Bengaluru - 560079",560079,Karnataka,Bengaluru Urban,pvt_ltd,services,+917469514110,,13/04/2001,08/04/2024,Inactive
29GYCHG1550I3ZO,GYCHG1550I,Jain Services,Ajay Jain,"No. 142, 5th Extension, Mahadevapura, Bengaluru - 560022",560022,Karnataka,Bengaluru Rural,public_ltd,services,+916102118525,,23/02/2018,14-08-2025,Live
,VRMCZ2672A,Bhat Exports,Mohan Bhat,"No. 349, 1st Main Road, Malleshwaram, Bengaluru - 560018",560018,Karnataka,Bengaluru Urban,pvt_ltd,technology,+917810431206,,03-04-2021,11/09/2025,active
29CVOFH5110JLZS,CVOFH5110J,Verma Constructions,Sohan Verma,"No. 130, 3rd Layout, Hebbal, Bengaluru - 560094",560094,Karnataka,Bengaluru Urban,llp,services,+917335688425,sohan.verma@gmail.com,17-11-2009,01/01/2022,Closed
29APSHL2093DYZS,APSHL2093D,Swamy Manufacturing,,"No. 302, 4th Cross, JP Nagar, Bengaluru - 560045",560045,Karnataka,Bengaluru Rural,partnership,construction,+918053644972,,01-12-2020,24-10-2025,active
,OEMPZ2428D,Patil Brothers,Rajesh Patil,"No. 71, 3rd Cross, Marathahalli, Bengaluru - 560004",560004,Karnataka,Bengaluru Urban,llp,construction,+919717492092,rajesh.patil@outlook.com,26/05/2004,2021-09-28,Cancelled
29ORIAE6115JJZT,ORIAE6115J,Pandey & Co.,Priya Pandey,"No. 227, 3rd Extension, Peenya, Bengaluru - 560011",560011,Karnataka,Bengaluru Rural,public_ltd,services,,priya.pandey@rediffmail.com,22/12/2022,11-07-2026,Active
,WBVCM6475B,Rao Associates,,"No. 247, 3rd Avenue, KR Puram, Bengaluru - 560040",560040,Karnataka,Bengaluru Urban,pvt_ltd,trading,+919767021742,priya.rao@yahoo.co.in,15/04/2000,2025-07-25,active
,BDWAD2105M,Tiwari Works,Rekha Tiwari,"No. 134, 5th Street, Bommanahalli, Bengaluru - 560034",560034,Karnataka,Bengaluru Rural,proprietorship,trading,,,10/02/2022,05/02/2024,Default in Filing
,SCKHE0450J,Reddy Brothers,,"No. 235, 3rd Road, Hoodi, Bengaluru - 560060",560060,Karnataka,Bengaluru Urban,partnership,construction,+917582955116,anita.reddy@rediffmail.com,26-06-2012,2026-02-08,Registered
29XQJHT6597QKZM,XQJHT6597Q,Tiwari Industries,,"No. 82, 2nd Road, Hoodi, Bengaluru - 560002",560002,Karnataka,Bengaluru Urban,proprietorship,construction,+916947987281,mahesh.tiwari@outlook.com,11-10-2002,08-02-2025,ACTIVE
29BTPPF3639SCZG,BTPPF3639S,Jain Corporation,Arun Jain,"No. 223, 5th Avenue, Electronic City, Bengaluru - 560102",560102,Karnataka,Bengaluru Urban,partnership,trading,,,2022-04-04,07/08/2024,Suspended
,NJXCZ0430C,Rao Solutions,Lakshmi Rao,"No. 308, 5th Cross, Jayanagar, Bengaluru - 560030",560030,Karnataka,Bengaluru Urban,public_ltd,technology,,lakshmi.rao@yahoo.co.in,06/06/2022,28-02-2025,Active
,SCMFU0323Y,Shah Trading Co.,Mohan Shah,"No. 413, 5th Extension, Koramangala, Bengaluru - 560064",560064,Karnataka,Bengaluru Urban,public_ltd,construction,+917995605920,mohan.shah@gmail.com,07-02-2010,05/05/2026,ACTIVE
29UWFPA7858V1ZZ,UWFPA7858V,Pandey & Sons,,"No. 219, 5th Main Road, Varthur, Bengaluru - 560055",560055,Karnataka,Bengaluru Urban,public_ltd,technology,+916169339200,anita.pandey@outlook.com,2002-01-20,2021-05-26,Cancelled
29BDEPK3622T7Z4,,Nair Works,Ritu Nair,"No. 366, 3rd Cross, Yelahanka, Bengaluru - 560030",560030,Karnataka,Bengaluru Rural,public_ltd,services,,ritu.nair@yahoo.co.in,05/05/2010,2023-08-04,Dormant
29JVDCW4790BOZJ,JVDCW4790B,Gupta Traders,Vijay Gupta,"No. 442, 4th Layout, MG Road, Bengaluru - 560064",560064,Karnataka,Bengaluru Rural,public_ltd,trading,+919236560799,vijay.gupta@rediffmail.com,2009-09-17,29/09/2026,ACTIVE
,WUYPZ1376R,Pandey Agency,Mohan Pandey,"No. 144, 3rd Road, MG Road, Bengaluru - 560011",560011,Karnataka,Bengaluru Urban,partnership,trading,,,28/11/2019,10/01/2025,Registered
29AJQAG4508R4ZS,AJQAG4508R,Gupta Manufacturing,Lakshmi Gupta,"No. 323, 2nd Main Road, HSR Layout, Bengaluru - 560011",560011,Karnataka,Bengaluru Urban,proprietorship,trading,+918106850707,lakshmi.gupta@rediffmail.com,07-11-2015,2024-09-06,Inactive
,JCLAC2338N,Jain Technologies,,"No. 404, 3rd Cross, Mahadevapura, Bengaluru - 560043",560043,Karnataka,Bengaluru Rural,public_ltd,technology,,suresh.jain@rediffmail.com,2015-06-07,2026-08-20,Registered
29RDTTC9995SQZY,,Gowda Traders,Krishna Gowda,"No. 267, 4th Cross, Peenya, Bengaluru - 560094",560094,Karnataka,Bengaluru Rural,llp,construction,+918822273471,krishna.gowda@yahoo.co.in,2016-03-26,2026-06-02,active
,XQPHZ4581R,Shah Associates,Divya Shah,"No. 216, 5th Main Road, Banashankari, Bengaluru - 560008",560008,Karnataka,Bengaluru Rural,proprietorship,construction,+918880125971,divya.shah@gmail.com,2007-06-28,27/06/2026,active
29XJKAH7188S6Z2,XJKAH7188S,Verma Agency,,"No. 380, 4th Cross, Yelahanka, Bengaluru - 560085",,Karnataka,Bengaluru Rural,pvt_ltd,construction,,,2019-09-03,26/08/2026,Active
29YCHFB5858NOZK,YCHFB5858N,Nair & Co.,Nagaraj Nair,"No. 451, 5th Cross, KR Puram, Bengaluru - 560038",560038,Karnataka,Bengaluru Urban,partnership,trading,,nagaraj.nair@yahoo.co.in,2004-04-21,2026-06-05,Registered
29AXYAR7080GRZS,AXYAR7080G,Kamath Exports,Divya Kamath,"No. 471, 1st Layout, Varthur, Bengaluru - 560098",560098,Karnataka,Bengaluru Rural,public_ltd,services,+916289713077,,16/01/2015,10-06-2026,Registered
,USIPN1751R,Pandey Corporation,Arun Pandey,"No. 78, 4th Avenue, Hebbal, Bengaluru - 560037",560037,Karnataka,Bengaluru Urban,proprietorship,services,,,04-10-2018,25-01-2026,ACTIVE
29PQMTF8886PPZM,PQMTF8886P,Jain Solutions,Kiran Jain,"No. 392, 3rd Layout, Brookefield, Bengaluru - 560010",560010,Karnataka,Bengaluru Rural,llp,technology,,kiran.jain@outlook.com,2010-07-14,2026-06-04,Registered
29XUBFI6484IHZV,XUBFI6484I,Agarwal Agency,Manoj Agarwal,"No. 449, 2nd Extension, KR Puram, Bengaluru - 560030",560030,Karnataka,Bengaluru Urban,proprietorship,technology,+919963607807,manoj.agarwal@rediffmail.com,17-03-2002,2026-07-03,active
29ZVKTH2134R0Z2,ZVKTH2134R,Rao Mills,Ajay Rao,"No. 81, 3rd Cross, Jayanagar, Bengaluru - 560064",,Karnataka,Bengaluru Urban,proprietorship,manufacturing,+918660783488,ajay.rao@gmail.com,18-08-2022,2024-03-01,Suspended
,AVPCD7716J,Kamath Services,Priya Kamath,"No. 296, 4th Layout, Sarjapur Road, Bengaluru - 560037",,Karnataka,Bengaluru Rural,public_ltd,trading,+916095495204,priya.kamath@outlook.com,09/11/2004,26/01/2025,active
29ULMPU3160RVZF,ULMPU3160R,Tiwari Traders,,"No. 430, 5th Avenue, Hoodi, Bengaluru - 560068",560068,Karnataka,Bengaluru Urban,llp,technology,,,02/06/2022,27/04/2021,Struck Off
,LMOTX0163Y,Naidu Pvt Ltd,Arun Naidu,"No. 20, 4th Layout, Indiranagar, Bengaluru - 560058",560058,Karnataka,Bengaluru Urban,pvt_ltd,technology,,arun.naidu@rediffmail.com,2007-06-11,2026-12-03,active
29UYJAI4237EUZ0,,Swamy Technologies,Krishna Swamy,"No. 160, 2nd Main Road, MG Road, Bengaluru - 560005",560005,Karnataka,Bengaluru Urban,llp,trading,+916304135269,krishna.swamy@rediffmail.com,18/09/2013,17/02/2026,Active
,OQFAE1215E,Gupta Traders,,"No. 2, 2nd Main Road, Electronic City, Bengaluru - 560029",560029,Karnataka,Bengaluru Urban,proprietorship,technology,+918140091844,krishna.gupta@rediffmail.com,19-10-2010,30-01-2026,Live
29MINAC8899IRZZ,MINAC8899I,Iyer Solutions,Vinod Iyer,"No. 92, 1st Avenue, Basavanagudi, Bengaluru - 560092",560092,Karnataka,Bengaluru Rural,llp,services,+916734689139,vinod.iyer@gmail.com,11-03-2016,24/08/2026,Registered
29IXXAA6024BGZH,IXXAA6024B,Bhat Traders,,"No. 243, 5th Avenue, Electronic City, Bengaluru - 560064",560064,Karnataka,Bengaluru Urban,pvt_ltd,manufacturing,+919367718081,sunil.bhat@outlook.com,16-05-2004,18-07-2025,Registered
29PAVFW1973APZQ,PAVFW1973A,Patel Services,Venkatesh Patel,"No. 137, 1st Main Road, Hoodi, Bengaluru - 560017",560017,Karnataka,Bengaluru Rural,public_ltd,construction,,,11-11-2003,2020-06-29,Cancelled
29XECFS6010U5ZF,XECFS6010U,Prasad Technologies,Seema Prasad,"No. 362, 3rd Main Road, JP Nagar, Bengaluru - 560004",560004,Karnataka,Bengaluru Rural,pvt_ltd,technology,+918548219240,seema.prasad@rediffmail.com,25-08-2015,09-10-2026,active
29VAVHE5273ZIZD,VAVHE5273Z,Pai Constructions,Rohan Pai,"No. 396, 2nd Cross, Peenya, Bengaluru - 560008",560008,Karnataka,Bengaluru Urban,proprietorship,trading,+916295644356,,2016-02-05,02/05/2026,active
29IXEFJ1574TRZP,IXEFJ1574T,Menon Manufacturing,Sanjay Menon,"No. 248, 4th Cross, Malleshwaram, Bengaluru - 560078",560078,Karnataka,Bengaluru Urban,public_ltd,technology,+918795479405,sanjay.menon@rediffmail.com,25-11-2008,14-05-2023,Default in Filing
29IYZFZ7841ACZB,IYZFZ7841A,Singh Pvt Ltd,Mohan Singh,"No. 47, 2nd Main Road, Banashankari, Bengaluru - 560029",560029,Karnataka,Bengaluru Rural,partnership,construction,+919434669687,,2014-04-12,01/12/2025,Active
29VSLHR0475HBZF,VSLHR0475H,Shah Mills,Rajesh Shah,"No. 385, 4th Road, Mahadevapura, Bengaluru - 560079",560079,Karnataka,Bengaluru Urban,pvt_ltd,manufacturing,+918403031136,rajesh.shah@outlook.com,2018-12-01,30-11-2026,ACTIVE
,VMCTX1880K,Kamath Enterprises,,"No. 206, 4th Avenue, Bellandur, Bengaluru - 560092",560092,Karnataka,Bengaluru Urban,partnership,manufacturing,+917471895778,,08-01-2019,2024-11-21,Dormant
29DIYAI1874B2Z7,DIYAI1874B,Gowda Traders,Sanjay Gowda,"No. 173, 3rd Avenue, Banashankari, Bengaluru - 560037",560037,Karnataka,Bengaluru Urban,proprietorship,services,+917130365307,sanjay.gowda@yahoo.co.in,2004-03-29,10/10/2024,Default in Filing
29LHZTT2887Q2Z4,LHZTT2887Q,Reddy Technologies,Priya Reddy,"No. 372, 1st Cross, Peenya, Bengaluru - 560050",560050,Karnataka,Bengaluru Rural,public_ltd,trading,,,07-12-2010,19-01-2024,Default in Filing
29MTLTW7266FHZ0,MTLTW7266F,Kumar & Co.,,"No. 237, 5th Avenue, Marathahalli, Bengaluru - 560038",560038,Karnataka,Bengaluru Rural,llp,technology,,,02-05-2021,15/12/2025,Registered
29JLMTP2662B5ZV,JLMTP2662B,Verma Industries,Varun Verma,"No. 190, 3rd Cross, Peenya, Bengaluru - 560102",560102,Karnataka,Bengaluru Rural,llp,services,+916606134909,,27/11/2005,2025-05-07,active
29KFCFF8799RDZQ,,Mishra Solutions,Neha Mishra,"No. 273, 4th Main Road, Bommanahalli, Bengaluru - 560066",560066,Karnataka,Bengaluru Rural,llp,manufacturing,+916729184087,neha.mishra@yahoo.co.in,03/10/2018,2026-10-14,active
29QDQPT5406FUZ5,QDQPT5406F,Pai Services,Kavita Pai,"No. 371, 2nd Main Road, Basavanagudi, Bengaluru - 560060",560060,Karnataka,Bengaluru Rural,proprietorship,technology,+918328242697,,2014-11-10,2025-03-13,Active
29TRKAP8042WYZ1,TRKAP8042W,Gowda Exports,,"No. 21, 3rd Layout, Brookefield, Bengaluru - 560100",560100,Karnataka,Bengaluru Rural,llp,services,,ajay.gowda@yahoo.co.in,04/06/2009,20-10-2026,active
29BXMCY2247WHZ2,BXMCY2247W,Jain Enterprises,,"No. 186, 3rd Cross, KR Puram, Bengaluru - 560048",560048,Karnataka,Bengaluru Urban,public_ltd,services,,kiran.jain@gmail.com,2013-08-03,23/09/2025,Active
29STZHP6131QNZO,STZHP6131Q,Bhat Pvt Ltd,Krishna Bhat,"No. 343, 1st Cross, MG Road, Bengaluru - 560050",560050,Karnataka,Bengaluru Urban,partnership,technology,+917216711456,,31/01/2009,13-02-2024,Suspended
29CIBAR8507OFZF,CIBAR8507O,Swamy Corporation,Kiran Swamy,"No. 234, 2nd Road, Varthur, Bengaluru - 560097",560097,Karnataka,Bengaluru Rural,proprietorship,construction,,kiran.swamy@outlook.com,16/04/2002,2023-03-16,Inactive
29MLMPR5520N7ZS,MLMPR5520N,Kamath Enterprises,Sohan Kamath,"No. 308, 3rd Layout, Banashankari, Bengaluru - 560103",560103,Karnataka,Bengaluru Urban,partnership,manufacturing,+917559282253,sohan.kamath@outlook.com,2021-11-14,06/06/2026,Active
29METTJ0836F6ZE,METTJ0836F,Pai Exports,Neha Pai,"No. 53, 3rd Extension, Hebbal, Bengaluru - 560068",560068,Karnataka,Bengaluru Urban,partnership,trading,+918313116354,,16/10/2011,13/09/2021,Dissolved
29DIJTK4434Y3ZQ,DIJTK4434Y,Shetty Agency,,"No. 104, 2nd Street, Varthur, Bengaluru - 560002",560002,Karnataka,Bengaluru Rural,proprietorship,manufacturing,+917804357764,rohan.shetty@rediffmail.com,2010-11-27,07-05-2026,active
29PYYTM6942T3Z6,PYYTM6942T,Shah Manufacturing,,"No. 473, 3rd Road, Yelahanka, Bengaluru - 560048",560048,Karnataka,Bengaluru Rural,pvt_ltd,services,+918809788555,,11-09-2011,26-10-2025,Live
29AUBTW7937XBZK,AUBTW7937X,Kamath Brothers,Pooja Kamath,"No. 498, 3rd Cross, Bellandur, Bengaluru - 560025",560025,Karnataka,Bengaluru Urban,public_ltd,manufacturing,,pooja.kamath@outlook.com,02-09-2014,12/08/2026,Registered
29QTOAY1158SCZ4,QTOAY1158S,Kamath Agency,Sunita Kamath,"No. 38, 2nd Street, Malleshwaram, Bengaluru - 560092",560092,Karnataka,Bengaluru Rural,llp,trading,,sunita.kamath@yahoo.co.in,01/10/2006,30-10-2021,Closed
29LRUAL8751EBZ6,LRUAL8751E,Reddy Technologies,,"No. 168, 3rd Main Road, Koramangala, Bengaluru - 560047",560047,Karnataka,Bengaluru Urban,llp,manufacturing,,raghav.reddy@outlook.com,10/05/2009,26/03/2026,Active
29FUPPC9555F7ZV,FUPPC9555F,Kulkarni Services,Varun Kulkarni,"No. 260, 3rd Layout, ITPL Main Road, Bengaluru - 560008",560008,Karnataka,Bengaluru Rural,proprietorship,services,+919903491330,varun.kulkarni@rediffmail.com,24/06/2017,09-10-2025,Active
,QIDCF5116Y,Nair Exports,,"No. 422, 2nd Layout, Banashankari, Bengaluru - 560079",560079,Karnataka,Bengaluru Urban,pvt_ltd,construction,+918997818114,sanjay.nair@rediffmail.com,23-11-2011,27/01/2025,Registered
,AMTCN0355F,Pillai Industries,Manoj Pillai,"No. 496, 4th Layout, Indiranagar, Bengaluru - 560005",560005,Karnataka,Bengaluru Rural,llp,construction,+916166349163,,2008-10-20,2025-05-13,Active
29FCCHJ8121VTZX,FCCHJ8121V,Gupta Technologies,Neha Gupta,"No. 339, 2nd Extension, Basavanagudi, Bengaluru - 560055",560055,Karnataka,Bengaluru Urban,pvt_ltd,construction,+916679068230,neha.gupta@outlook.com,03-06-2008,10/04/2022,Cancelled
29ZLGHD7653FVZZ,ZLGHD7653F,Rao Associates,Nagaraj Rao,"No. 401, 3rd Layout, Koramangala, Bengaluru - 560037",560037,Karnataka,Bengaluru Urban,partnership,technology,+918098171345,,31-10-2017,2026-11-28,active
29UFTAT7550REZX,UFTAT7550R,Murthy Solutions,,"No. 440, 5th Main Road, Sarjapur Road, Bengaluru - 560085",560085,Karnataka,Bengaluru Urban,proprietorship,trading,+916829929984,kavita.murthy@yahoo.co.in,11/05/2003,15/11/2024,Inactive
29FTPPB7141ZFZP,FTPPB7141Z,Tiwari Engineers,Arun Tiwari,"No. 37, 2nd Cross, Basavanagudi, Bengaluru - 560034",560034,Karnataka,Bengaluru Urban,proprietorship,technology,+916179146701,arun.tiwari@rediffmail.com,2021-02-17,2023-11-02,Dormant
,OPDTK8908I,Murthy Works,Deepa Murthy,"No. 53, 1st Street, Peenya, Bengaluru - 560030",560030,Karnataka,Bengaluru Rural,public_ltd,trading,+918868946827,deepa.murthy@rediffmail.com,01/10/2014,15/09/2023,Default in Filing
29CCUCS4561YVZZ,CCUCS4561Y,Pandey Trading Co.,Priya Pandey,"No. 330, 1st Extension, ITPL Main Road, Bengaluru - 560076",560076,Karnataka,Bengaluru Urban,public_ltd,construction,,,02/09/2001,05-10-2024,Inactive
,URAAF0909Z,Iyer Brothers,Ritu Iyer,"No. 142, 4th Avenue, HSR Layout, Bengaluru - 560047",560047,Karnataka,Bengaluru Urban,llp,services,,,27/12/2003,06-07-2026,Registered
29UZIFD9046UOZC,UZIFD9046U,Shenoy Brothers,Pooja Shenoy,"No. 387, 2nd Main Road, Basavanagudi, Bengaluru - 560058",560058,Karnataka,Bengaluru Rural,proprietorship,manufacturing,+919159757536,pooja.shenoy@yahoo.co.in,24/02/2018,15-12-2025,Active
29JDKTZ2509OFZZ,JDKTZ2509O,Gupta Enterprises,Lakshmi Gupta,"No. 113, 2nd Main Road, Varthur, Bengaluru - 560030",560030,Karnataka,Bengaluru Rural,public_ltd,technology,+918129844591,lakshmi.gupta@yahoo.co.in,04-12-2017,01-02-2026,active
,GUJFN3993L,Shetty Solutions,Venkatesh Shetty,"No. 275, 3rd Road, Hebbal, Bengaluru - 560098",560098,Karnataka,Bengaluru Urban,partnership,manufacturing,+917765945064,venkatesh.shetty@outlook.com,28-12-2000,2026-10-28,Active
,XMSPV3922X,Patil Technologies,Ajay Patil,"No. 232, 3rd Extension, Bellandur, Bengaluru - 560029",560029,Karnataka,Bengaluru Rural,public_ltd,trading,+917275479589,ajay.patil@gmail.com,2005-05-14,27/06/2026,Active
29STGAY7116PLZ5,STGAY7116P,Tiwari Engineers,Vijay Tiwari,"No. 357, 4th Main Road, JP Nagar, Bengaluru - 560053",560053,Karnataka,Bengaluru Rural,llp,trading,+918037841429,vijay.tiwari@gmail.com,20-03-2004,2026-09-13,Registered
29ZBJCA9503ANZ4,ZBJCA9503A,Swamy Constructions,Varun Swamy,"No. 447, 2nd Extension, Indiranagar, Bengaluru - 560047",560047,Karnataka,Bengaluru Rural,pvt_ltd,trading,+918878118005,varun.swamy@gmail.com,31/10/2004,27-08-2024,Dormant
29ECFCT9995M7ZZ,ECFCT9995M,Menon Brothers,Sunita Menon,"No. 97, 4th Road, Hebbal, Bengaluru - 560034",560034,Karnataka,Bengaluru Rural,public_ltd,technology,+919998978056,,06-09-2017,17/10/2025,Active
29DTHTN4344KOZJ,DTHTN4344K,Jain Trading Co.,Nagaraj Jain,"No. 485, 1st Cross, BTM Layout, Bengaluru - 560003",560003,Karnataka,Bengaluru Urban,pvt_ltd,technology,+917750319088,,2002-01-02,2025-07-10,Active
,SBFCS6092W,Menon Associates,Rekha Menon,"No. 191, 4th Road, HSR Layout, Bengaluru - 560050",560050,Karnataka,Bengaluru Urban,proprietorship,construction,,rekha.menon@rediffmail.com,27/08/2018,14/07/2025,ACTIVE
,GASPW7160D,Swamy Constructions,Neha Swamy,"No. 132, 4th Cross, Hoodi, Bengaluru - 560018",560018,Karnataka,Bengaluru Rural,llp,construction,+917827382082,neha.swamy@gmail.com,2004-11-26,2026-02-02,Live
29CSBHT3747VCZD,CSBHT3747V,Sharma Technologies,Pooja Sharma,"No. 180, 4th Main Road, Electronic City, Bengaluru - 560037",560037,Karnataka,Bengaluru Urban,public_ltd,technology,+916395263704,pooja.sharma@yahoo.co.in,28-11-2012,15/07/2026,Active
29BRKAA6193EEZ0,BRKAA6193E,Gowda & Sons,,"No. 322, 1st Extension, Brookefield, Bengaluru - 560030",560030,Karnataka,Bengaluru Urban,llp,trading,+919699626476,,2021-06-29,2026-01-04,Live
,DQEHI8308E,Pillai & Sons,,"No. 107, 4th Layout, Basavanagudi, Bengaluru - 560085",560085,Karnataka,Bengaluru Rural,partnership,technology,+916743333722,anita.pillai@yahoo.co.in,20/04/2016,23/02/2026,ACTIVE
29QFDPR6387TCZD,QFDPR6387T,Murthy & Sons,Nagaraj Murthy,"No. 483, 4th Road, Electronic City, Bengaluru - 560055",560055,Karnataka,Bengaluru Urban,partnership,construction,,,09/11/2005,20-09-2026,Active
29TWRPC0983CMZC,TWRPC0983C,Patel Brothers,Neha Patel,"No. 244, 3rd Street, Yelahanka, Bengaluru - 560076",560076,Karnataka,Bengaluru Urban,partnership,trading,+917381811945,neha.patel@outlook.com,31-01-2005,2022-06-30,Cancelled
29TDJHP1068OBZS,TDJHP1068O,Verma Associates,Mukesh Verma,"No. 91, 2nd Extension, Koramangala, Bengaluru - 560048",560048,Karnataka,Bengaluru Rural,llp,technology,,,18-09-2000,2022-05-05,Deregistered
29JGNAA4902JRZL,JGNAA4902J,Kamath Industries,Pooja Kamath,"No. 67, 5th Road, Jayanagar, Bengaluru - 560071",560071,Karnataka,Bengaluru Urban,pvt_ltd,construction,,pooja.kamath@outlook.com,08/12/2005,2024-07-19,Suspended
29MGXTC8988A6ZF,MGXTC8988A,Mishra Industries,Sunita Mishra,"No. 122, 1st Avenue, ITPL Main Road, Bengaluru - 560073",560073,Karnataka,Bengaluru Urban,public_ltd,manufacturing,+919773905996,sunita.mishra@rediffmail.com,2005-06-21,24-07-2023,Default in Filing
29YESPA4627MXZC,YESPA4627M,Prasad Works,Rekha Prasad,"No. 375, 5th Avenue, Rajajinagar, Bengaluru - 560062",560062,Karnataka,Bengaluru Urban,partnership,services,+916101115967,,2014-06-01,13-10-2026,active
29HKQCN2320VAZ4,HKQCN2320V,Shenoy Brothers,Ramesh Shenoy,"No. 419, 4th Road, Brookefield, Bengaluru - 560079",560079,Karnataka,Bengaluru Rural,pvt_ltd,construction,+919963796695,,20/07/2021,16/05/2026,Registered
29OTFCB6483ZPZT,OTFCB6483Z,Hegde Technologies,Vijay Hegde,"No. 448, 2nd Avenue, MG Road, Bengaluru - 560053",560053,Karnataka,Bengaluru Rural,llp,manufacturing,+916963076151,,2021-03-08,2025-07-22,ACTIVE
29MEVAI2474F3ZM,MEVAI2474F,Bhat Traders,Deepa Bhat,"No. 266, 4th Avenue, HSR Layout, Bengaluru - 560017",560017,Karnataka,Bengaluru Urban,partnership,trading,+916496336655,deepa.bhat@rediffmail.com,29-07-2016,2020-05-09,Cancelled
29LKFFW2839PZZL,LKFFW2839P,Shah Services,,"No. 324, 5th Main Road, ITPL Main Road, Bengaluru - 560043",560043,Karnataka,Bengaluru Urban,llp,manufacturing,+918440507604,anita.shah@rediffmail.com,2017-06-22,10-10-2023,Default in Filing
29DWBCH6384EKZV,DWBCH6384E,Prasad Services,,"No. 32, 2nd Extension, Hoodi, Bengaluru - 560040",560040,Karnataka,Bengaluru Rural,llp,trading,+918748021067,divya.prasad@gmail.com,15/08/2006,2026-07-23,Registered
29PTCFO2741E1Z7,PTCFO2741E,Mehta Constructions,Krishna Mehta,"No. 162, 4th Extension, Whitefield, Bengaluru - 560048",560048,Karnataka,Bengaluru Urban,llp,services,+916633802558,,2002-11-12,15-04-2025,Live
,ESCFL3474R,Tiwari Technologies,,"No. 82, 1st Avenue, Yelahanka, Bengaluru - 560029",560029,Karnataka,Bengaluru Rural,public_ltd,services,,,01/05/2014,12-10-2026,active
29KNHPV7402BVZ0,KNHPV7402B,Singh Engineers,Sanjay Singh,"No. 204, 2nd Main Road, Electronic City, Bengaluru - 560066",560066,Karnataka,Bengaluru Urban,proprietorship,construction,+917233872183,sanjay.singh@rediffmail.com,26-12-2019,14/11/2022,Dissolved
29FCKPX9277JDZJ,FCKPX9277J,Gowda Corporation,Sohan Gowda,"No. 13, 3rd Road, Peenya, Bengaluru - 560029",560029,Karnataka,Bengaluru Urban,proprietorship,services,+918829339614,,2004-10-23,2020-04-12,Dissolved
29YYHHX5102GNZ4,YYHHX5102G,Kumar Exports,Mahesh Kumar,"No. 73, 3rd Layout, Rajajinagar, Bengaluru - 560010",560010,Karnataka,Bengaluru Urban,proprietorship,trading,,mahesh.kumar@rediffmail.com,2021-07-08,2023-06-06,Default in Filing
29BRAHN8495BHZI,BRAHN8495B,Kumar Manufacturing,Arun Kumar,"No. 230, 1st Street, Varthur, Bengaluru - 560034",560034,Karnataka,Bengaluru Urban,pvt_ltd,trading,,arun.kumar@yahoo.co.in,15/07/2006,22/12/2023,Dormant
29EKMFY2874RRZ5,EKMFY2874R,Shah Brothers,,"No. 277, 2nd Road, Brookefield, Bengaluru - 560058",560058,Karnataka,Bengaluru Rural,proprietorship,construction,,,28-06-2022,17-04-2025,active
29AYRCX2731XNZZ,AYRCX2731X,Pillai Engineers,Ritu Pillai,"No. 353, 1st Main Road, Banashankari, Bengaluru - 560102",560102,Karnataka,Bengaluru Rural,llp,services,+918881075110,,2013-08-02,2025-04-09,Live
29AADCY6041L0ZJ,,Mishra Services,Seema Mishra,"No. 302, 4th Street, Mahadevapura, Bengaluru - 560055",560055,Karnataka,Bengaluru Urban,proprietorship,construction,+916943247774,seema.mishra@rediffmail.com,2017-01-16,26/06/2020,Dissolved
,GCGTU9472P,Deshmukh Services,Manoj Deshmukh,"No. 351, 2nd Extension, MG Road, Bengaluru - 560009",560009,Karnataka,Bengaluru Urban,llp,services,+916012585721,manoj.deshmukh@outlook.com,2013-02-27,08/09/2026,Active
29LRZPG4237UOZ2,LRZPG4237U,Pillai Associates,Lakshmi Pillai,"No. 228, 1st Road, Varthur, Bengaluru - 560030",560030,Karnataka,Bengaluru Urban,proprietorship,technology,+918196047478,lakshmi.pillai@rediffmail.com,11/10/2018,23-03-2026,ACTIVE
,SBCTL4529E,Swamy Services,Pramod Swamy,"No. 192, 5th Cross, Bommanahalli, Bengaluru - 560094",560094,Karnataka,Bengaluru Rural,public_ltd,manufacturing,+919965102373,,2000-07-18,30-09-2025,Registered
29NHVFH8814PBZO,NHVFH8814P,Patel Technologies,Anita Patel,"No. 441, 1st Layout, Whitefield, Bengaluru - 560066",560066,Karnataka,Bengaluru Urban,partnership,manufacturing,+918278322048,anita.patel@outlook.com,05/10/2016,19-08-2025,active
29XMYAN6715J4ZR,XMYAN6715J,Kulkarni Industries,Mukesh Kulkarni,"No. 75, 1st Cross, Brookefield, Bengaluru - 560098",560098,Karnataka,Bengaluru Rural,public_ltd,construction,+916269386984,mukesh.kulkarni@outlook.com,26/02/2006,10/12/2026,active
29ZNQPI6985HKZF,ZNQPI6985H,Verma Exports,,"No. 347, 4th Cross, Peenya, Bengaluru - 560045",560045,Karnataka,Bengaluru Rural,llp,services,+916616786167,,2007-10-12,26-10-2023,Default in Filing
29GPQFF8833WTZY,GPQFF8833W,Iyer Traders,Ganesh Iyer,"No. 495, 4th Avenue, Indiranagar, Bengaluru - 560037",560037,Karnataka,Bengaluru Rural,llp,manufacturing,+919082495854,,16-12-2021,24/03/2026,Live
,IDDPB8252Z,Reddy Engineers,Ramesh Reddy,"No. 173, 5th Street, Indiranagar, Bengaluru - 560001",560001,Karnataka,Bengaluru Rural,partnership,services,+917426525815,ramesh.reddy@rediffmail.com,2017-03-11,2025-01-18,Active
29CTZFZ4082OBZE,CTZFZ4082O,Sharma Corporation,Seema Sharma,"No. 441, 5th Avenue, KR Puram, Bengaluru - 560055",560055,Karnataka,Bengaluru Rural,llp,services,+916210747363,,03-08-2019,22/01/2025,ACTIVE
29NKLCL1086FDZD,,Tiwari Manufacturing,Mohan Tiwari,"No. 461, 2nd Layout, Rajajinagar, Bengaluru - 560098",560098,Karnataka,Bengaluru Rural,llp,construction,+919656070530,,05/01/2004,23/08/2025,Active
,JZMCH8658B,Singh Traders,,"No. 269, 3rd Layout, Koramangala, Bengaluru - 560037",560037,Karnataka,Bengaluru Urban,public_ltd,trading,+917148141086,ramesh.singh@yahoo.co.in,03/02/2021,2021-04-28,Struck Off
29VFSPY1811ONZB,VFSPY1811O,Swamy Corporation,Rajesh Swamy,"No. 393, 3rd Extension, Electronic City, Bengaluru - 560043",560043,Karnataka,Bengaluru Urban,proprietorship,services,+919314826374,,2011-02-18,2025-02-13,Live
29ZDHAZ4757QXZM,ZDHAZ4757Q,Iyer Mills,Manoj Iyer,"No. 440, 4th Main Road, Peenya, Bengaluru - 560018",560018,Karnataka,Bengaluru Urban,llp,services,,manoj.iyer@gmail.com,08/08/2006,13-10-2020,Closed
29UKDCO2373GQZ3,UKDCO2373G,Hegde Solutions,Deepa Hegde,"No. 180, 4th Layout, Jayanagar, Bengaluru - 560048",560048,Karnataka,Bengaluru Rural,proprietorship,manufacturing,+919535498431,,19-07-2006,2023-10-04,Suspended
29AFNPO4746JXZ7,AFNPO4746J,Patil Mills,Mahesh Patil,"No. 281, 5th Extension, Brookefield, Bengaluru - 560094",560094,Karnataka,Bengaluru Urban,llp,trading,,mahesh.patil@outlook.com,2009-11-17,2025-01-13,ACTIVE
29FOKCN5290C2ZG,FOKCN5290C,Pillai Agency,,"No. 59, 1st Street, Hebbal, Bengaluru - 560095",560095,Karnataka,Bengaluru Rural,partnership,technology,+917698925883,,06-07-2012,2023-09-09,Default in Filing
29VLHAJ4749JGZ6,,Pillai Corporation,Sunil Pillai,"No. 358, 5th Extension, Indiranagar, Bengaluru - 560017",560017,Karnataka,Bengaluru Rural,llp,construction,,,2019-05-21,01/02/2025,Registered
29YDGHM5482TLZA,YDGHM5482T,Pandey Industries,Priya Pandey,"No. 408, 1st Main Road, Koramangala, Bengaluru - 560008",560008,Karnataka,Bengaluru Rural,public_ltd,trading,+916897610402,priya.pandey@rediffmail.com,2003-12-04,14/11/2025,Active
,CZCPT0978P,Patel Traders,Deepa Patel,"No. 237, 5th Avenue, Koramangala, Bengaluru - 560011",560011,Karnataka,Bengaluru Rural,public_ltd,trading,+918660660866,,29/09/2013,15/02/2024,Suspended
,UGZFV3211C,Deshmukh Technologies,Sunita Deshmukh,"No. 145, 3rd Street, Koramangala, Bengaluru - 560100",560100,Karnataka,Bengaluru Rural,pvt_ltd,manufacturing,+918741695592,sunita.deshmukh@outlook.com,08/01/2007,2025-03-09,ACTIVE
,AWGCP4978O,Patil Associates,Rekha Patil,"No. 85, 3rd Layout, ITPL Main Road, Bengaluru - 560001",560001,Karnataka,Bengaluru Urban,pvt_ltd,manufacturing,+916830154221,,21-05-2015,2025-01-03,ACTIVE
29MVNCE3675QXZC,MVNCE3675Q,Reddy Agency,Deepa Reddy,"No. 234, 1st Cross, Brookefield, Bengaluru - 560070",560070,Karnataka,Bengaluru Rural,partnership,technology,+919467489962,,25/02/2020,2026-10-30,Registered
,VRPHI0228H,Kulkarni Enterprises,Venkatesh Kulkarni,"No. 393, 3rd Avenue, ITPL Main Road, Bengaluru - 560100",560100,Karnataka,Bengaluru Urban,llp,manufacturing,,,29/07/2003,2026-05-07,ACTIVE
29CYTCV2214X6ZI,CYTCV2214X,Patel Industries,Sunita Patel,"No. 489, 2nd Road, MG Road, Bengaluru - 560010",560010,Karnataka,Bengaluru Rural,proprietorship,trading,+918141774162,sunita.patel@gmail.com,2015-11-05,13-07-2025,Registered
29YSXAZ9791KYZC,YSXAZ9791K,Verma Enterprises,,"No. 388, 4th Road, ITPL Main Road, Bengaluru - 560050",560050,Karnataka,Bengaluru Rural,llp,technology,+918164569789,,16/05/2017,2025-07-23,Registered
29AEOPV9648K5Z8,AEOPV9648K,Naidu Engineers,Anita Naidu,"No. 284, 5th Street, Hebbal, Bengaluru - 560062",560062,Karnataka,Bengaluru Rural,pvt_ltd,services,+919608338280,,2017-01-10,2026-02-26,active
29ZJMTJ4021CXZ6,ZJMTJ4021C,Rao Manufacturing,Pooja Rao,"No. 94, 5th Main Road, Indiranagar, Bengaluru - 560043",560043,Karnataka,Bengaluru Urban,pvt_ltd,technology,,,03/07/2004,11/02/2023,Suspended
29XKRFX0095D2ZU,,Rao Manufacturing,Kavita Rao,"No. 459, 2nd Road, Bommanahalli, Bengaluru - 560076",560076,Karnataka,Bengaluru Rural,proprietorship,construction,,,04-04-2012,12/07/2023,Default in Filing
29OBFTM1534SIZH,OBFTM1534S,Naidu & Co.,Sohan Naidu,"No. 255, 1st Road, Mahadevapura, Bengaluru - 560092",560092,Karnataka,Bengaluru Rural,proprietorship,manufacturing,+918765859272,,2017-09-15,2021-07-20,Struck Off
29OQSTA4341UNZK,OQSTA4341U,Gupta Agency,Arun Gupta,"No. 106, 4th Cross, Whitefield, Bengaluru - 560085",560085,Karnataka,Bengaluru Urban,llp,services,,arun.gupta@rediffmail.com,14/12/2004,2025-10-14,Registered
29LAUAC5364WUZO,LAUAC5364W,Bhat Corporation,Pramod Bhat,"No. 400, 2nd Street, MG Road, Bengaluru - 560011",560011,Karnataka,Bengaluru Rural,proprietorship,construction,+916295917562,,28-10-2002,2020-08-07,Cancelled
29XGGTR8599UXZ0,XGGTR8599U,Kumar Associates,,"No. 1, 4th Main Road, Malleshwaram, Bengaluru - 560073",560073,Karnataka,Bengaluru Urban,llp,manufacturing,+919774621486,,01-03-2021,08/09/2025,Active
,,Reddy Services,Sunil Reddy,"No. 379, 1st Road, Bommanahalli, Bengaluru - 560053",560053,Karnataka,Bengaluru Rural,proprietorship,services,,,2015-04-15,06/04/2025,Live
,UNQCB4217X,Kulkarni Associates,Priya Kulkarni,"No. 299, 2nd Extension, Peenya, Bengaluru - 560008",560008,Karnataka,Bengaluru Rural,partnership,services,+919433460060,priya.kulkarni@rediffmail.com,2007-01-15,2023-07-03,Dormant
29VFHPV4607XJZR,VFHPV4607X,Patel Pvt Ltd,Krishna Patel,"No. 88, 3rd Road, MG Road, Bengaluru - 560050",560050,Karnataka,Bengaluru Urban,partnership,construction,+916172112825,,02/09/2009,18/09/2026,Live
29HGFTZ7043R5Z7,HGFTZ7043R,Pillai Constructions,Divya Pillai,"No. 203, 5th Street, Hebbal, Bengaluru - 560071",560071,Karnataka,Bengaluru Urban,public_ltd,trading,+919552195682,divya.pillai@gmail.com,12/03/2004,2026-07-17,ACTIVE
29BLFCS7470TRZP,BLFCS7470T,Bhat & Sons,,"Number 103, 3rd Road, Bommanahalli, Bengaluru - 560003",560003,Karnataka,Bengaluru Rural,pvt_ltd,manufacturing,+918007283153,,16/01/2013,02-09-2024,Dormant
29WWHHK9582JVZ9,WWHHK9582J,Bhat Brothers,"Bhat, Pooja","No. 279, 4th Layout, Brookefield, Bangalore - 560071",560071,Karnataka,Bengaluru Rural,proprietorship,construction,+918923843493,pooja.bhat@yahoo.co.in,30-08-2005,2021-11-10,Closed
29KBXHS1797YWZV,KBXHS1797Y,Pandey and Company,"Pandey, Mohan","No. 18, 3rd Streetreet, Hebbal, Bengaluru - 560034",560034,Karnataka,Bengaluru Urban,public_ltd,construction,,mohan.pandey@outlook.com,09-08-2003,2022-05-16,Cancelled
29DLDFD7627O8ZS,DLDFD7627O,Reddy Services,,"No. 280, 2nd Extension, Varthur, Bangalore - 560053",560053,Karnataka,Bengaluru Rural,llp,construction,+918399508085,,28/07/2018,10/07/2026,ACTIVE
29QHPAS3340HRZH,QHPAS3340H,Bhat Agency,P. Bhat,"# 157, 4th Extension, Brookefield, Bengaluru - 560047",560047,Karnataka,Bengaluru Urban,proprietorship,technology,,,04-03-2018,07-02-2025,active
29QLSTX1468C8Z7,QLSTX1468C,Pandey Brothers,Vinod Pandey,"No. 72, 2nd Cross, ITPL Main Road, Bengaluru - 560043",560043,Karnataka,Bengaluru Urban,pvt_ltd,construction,,vinod.pandey@yahoo.co.in,2002-06-13,2025-04-26,active
29QLFTZ5175WAZ2,QLFTZ5175W,Sharma Pvt Ltd,"Sharma, Mukesh","No. 205, 3rd Streetreet, Brookefield, Bengaluru - 560038",,Karnataka,Bengaluru Rural,public_ltd,services,+916557002893,,22/09/2008,10/01/2020,Deregistered
29KNHPV7402BVZ0,KNHPV7402B,Sing hEngineers,S. Singh,"No. 204, 2nd Main Rd, Electronic City, Bengaluru - 560066",560066,Karnataka,Bengaluru Urban,proprietorship,construction,+917233872183,sanjay.singh@rediffmail.com,26-12-2019,14/11/2022,Cancelled
29ZLGHD7653FVZZ,ZLGHD7653F,RAO ASSOCIATES,"Rao, Nagaraj","No. 401,3rd Layout,Koramangala,Bengaluru - 560037",560037,Karnataka,Bengaluru Urban,partnership,technology,,,31-10-2017,2026-11-28,Live
29LDBHT4998SCZA,LDBHT4998S,PAI AGENCY,,"No. 12,1st Layout,Hebbal,Bengaluru - 560041",560041,Karnataka,Bengaluru Rural,pvt_ltd,services,+918230486458,,28/05/2016,2026-02-15,Registered
29APSHL2093DYZS,APSHL2093D,Swamy Manufacturing,"Swamy, Ritu","No. 302,4th Cross,JP Nagar,Bengaluru - 560045",560045,Karnataka,Bengaluru Rural,partnership,construction,+918053644972,ritu.swamy@gmail.com,01-12-2020,24-10-2025,ACTIVE
29CLJFS7723PCZY,,Sarma & Co.,S. Sharma,"No. 178, 1st Cross, Bommanahalli, Bengaluru 560030",560030,Karnataka,Bengaluru Urban,partnership,manufacturing,+916871524097,suresh.sharma@gmail.com,12-07-2018,27-07-2022,Struck Off
,QTOAY1158S,Kamat hAgency,"Kamath, Sunita","# 38, 2nd Street, Malleshwaram, Bengaluru - 560092",560092,Karnataka,Bengaluru Rural,llp,trading,+916568405080,sunita.kamath@yahoo.co.in,01/10/2006,30-10-2021,Deregistered
29YDNFS4172DVZJ,YDNFS4172D,SINGH AGENCY,"Singh, Vijay","No. 335, 4th Cross, Sarjapur Road, Bengaluru - 560038",560038,Karnataka,Bengaluru Urban,partnership,technology,,,22/03/2017,07/06/2022,Dissolved
29YMFCE0817X2ZL,YMFCE0817X,Pandey Technologies,Kavita Pandey,"# 395, 5th Avenue, Varthur, Bengaluru - 560022",560022,Karnataka,Bengaluru Urban,pvt_ltd,services,+916037967722,,06/10/2019,27-01-2024,Inactive
29USFHQ3408C3Z9,USFHQ3408C,SWAMY ENGINEERS,Varun Swamy,"Number 41, 4th Street, Peenya, Bengaluru - 560034",560034,Karnataka,Bengaluru Rural,pvt_ltd,manufacturing,+917114635928,,11/11/2017,28/03/2026,active
29ZNQPI6985HKZF,ZNQPI6985H,Verma Exports,"Verma, Arun","No. 347, 4th Cross, Peenya, Bengaluru 560045",560045,Karnataka,Bengaluru Rural,llp,services,,arun.verma@rediffmail.com,2007-10-12,26-10-2023,Inactive
29FCCHJ8121VTZX,,Gupta Techonlogies,,"No. 339, 2nd Extension, Basavanagudi, Bengaluru 560055",560055,Karnataka,Bengaluru Urban,pvt_ltd,construction,+916679068230,,03-06-2008,10/04/2022,Cancelled
29AJQAG4508R4ZS,AJQAG4508R,Gupta Manuafcturing,Lakshmi Gupta,"# 323, 2nd Main Road, HSR Layout, Bengaluru - 560011",560011,Karnataka,Bengaluru Urban,proprietorship,trading,,lakshmi.gupta@rediffmail.com,07-11-2015,2024-09-06,Suspended
,RKNTV1086O,Mishra Brothers,"Mishra, Vijay","No. 310, 2nd Streetreet, Jayanagar, Bengaluru - 560073",560073,Karnataka,Bengaluru Rural,llp,technology,+917375536217,,13/04/2005,21/12/2024,Inactive
29UKDCO2373GQZ3,,Hegde Sloutions,Deepa Hegde,"No. 180, 4th Layout, Jayanagar, Bangalore - 560048",560048,Karnataka,Bengaluru Rural,proprietorship,manufacturing,+919535498431,deepa.hegde@yahoo.co.in,19-07-2006,2023-10-04,Dormant
29AEOPV9648K5Z8,AEOPV9648K,Naidu Engineers,Anita Naidu,"Number 284, 5th Street, Hebbal, Bengaluru - 560062",560062,Karnataka,Bengaluru Rural,pvt_ltd,services,+919608338280,anita.naidu@rediffmail.com,2017-01-10,2026-02-26,Active
29QXKHW6074CNZU,QXKHW6074C,Iyer Works,"Iyer, Divya","Number 376, 5th Road, Peenya, Bengaluru - 560048",560048,Karnataka,Bengaluru Rural,pvt_ltd,trading,,,12-06-2003,2026-10-06,active
29GTWTH6447DWZB,GTWTH6447D,Hegde Croporation,"Hegde, Divya","Number 20, 3rd Main Road, JP Nagar, Bengaluru - 560011",560011,Karnataka,Bengaluru Urban,llp,technology,+916018357924,divya.hegde@gmail.com,26/04/2002,08/01/2026,Registered
29FGBTV0684YZZ3,,KULKARNI CONSTRUCTIONS,Krushna Kulkarni,"# 244, 3rd Road, HSR Layout, Bengaluru - 560073",560073,Karnataka,Bengaluru Rural,partnership,services,+919598661719,krishna.kulkarni@yahoo.co.in,30/11/2001,01/12/2026,active
29MGXTC8988A6ZF,MGXTC8988A,Mishra nIdustries,Sunita Mishra,"Number 122, 1st Avenue, ITPL Main Road, Bengaluru - 560073",560073,Karnataka,Bengaluru Urban,public_ltd,manufacturing,,sunita.mishra@rediffmail.com,2005-06-21,24-07-2023,Inactive
,UOEFT8500V,SINGH & CO.,"Singh, Ajay","Number 306, 5th Street, Varthur, Bengaluru - 560022",560022,Karnataka,Bengaluru Rural,llp,manufacturing,+917387659741,,03-12-2013,22/04/2026,Registered
29AMAFM5304WLZV,AMAFM5304W,Shah Private Limited,S. Shah,"No. 104,4th Street,Banashankari,Bengaluru - 560048",560048,Karnataka,Bengaluru Urban,proprietorship,trading,+918209427080,,26/04/2021,20-03-2025,Registered
,AIRHM9158H,REDDY BROTHERS,Raghav Reddy,"No. 190,1st Extension,Bellandur,Bengaluru - 560055",560055,Karnataka,Bengaluru Rural,public_ltd,technology,,raghav.reddy@rediffmail.com,08/09/2021,30/08/2026,Registered
29IGYFO2463AKZB,,Verma Manufacturing,Pooja Verma,"No. 360, 3rd Extension, Mahadevapura, Bangalore - 560038",560038,Karnataka,Bengaluru Urban,partnership,construction,+918074766470,pooja.verma@yahoo.co.in,25-09-2013,30-04-2026,active
29XKRFX0095D2ZU,XKRFX0095D,RAO MANUFACTURING,,"No. 459, 2nd Road, Bommanahalli, Bengaluru 560076",560076,Karnataka,Bengaluru Rural,proprietorship,construction,+918197184717,kavita.rao@yahoo.co.in,04-04-2012,12/07/2023,Dormant
29JKWPV6607ZFZC,,Deshmukh Technologies,V. Deshmukh,"No. 237,2nd Avenue,Marathahalli,Bengaluru - 560022",560022,Karnataka,Bengaluru Urban,llp,construction,+916880650072,vinod.deshmukh@outlook.com,03/08/2009,03/12/2020,Cancelled
29HGFTZ7043R5Z7,HGFTZ7043R,Pillai oCnstructions,,"No. 203, 5th Street, Hebbal, Bengaluru - 560071",560071,Karnataka,Bengaluru Urban,public_ltd,trading,+919552195682,,12/03/2004,2026-07-17,Active
29DGSTG0454GOZ1,DGSTG0454G,PANDEY WORKS,"Pandey, Rajesh","No. 386, 4th Avenue, Rajajinagar, Bangalore - 560047",560047,Karnataka,Bengaluru Rural,public_ltd,construction,+918424367789,rajesh.pandey@gmail.com,2001-03-20,19/05/2025,active
,BIMCR3290C,Reddy Services,S. Reddy,"No. 379, 1st Road, Bommanahalli, Bengaluru - 560053",560053,Karnataka,Bengaluru Rural,proprietorship,services,+918223005125,,2015-04-15,06/04/2025,Live
,GASPW7160D,Swami Constructions,"Swamy, Neha","No. 132,4th Cross,Hoodi,Bengaluru - 560018",560018,Karnataka,Bengaluru Rural,llp,construction,,,2004-11-26,2026-02-02,Registered
29LKFFW2839PZZL,LKFFW2839P,Sha hServices,Anita Shah,"No. 324, 5th Main Road, ITPL Main Road, Bengaluru 560043",560043,Karnataka,Bengaluru Urban,llp,manufacturing,+918440507604,,2017-06-22,10-10-2023,Default in Filing
29GRAPY4195B7ZT,GRAPY4195B,Kamath Mills,"Kamath, Neha","No. 314, 5th Layout, Yelahanka, Bangalore - 560103",560103,Karnataka,Bengaluru Rural,partnership,trading,+918742267562,neha.kamath@gmail.com,09/03/2012,2026-07-08,Registered
29GPQFF8833WTZY,,Iye rTraders,,"# 495, 4th Avenue, Indiranagar, Bengaluru - 560037",560037,Karnataka,Bengaluru Rural,llp,manufacturing,+919082495854,ganesh.iyer@rediffmail.com,16-12-2021,24/03/2026,Active
29FPSHG1848OKZM,,Jain Exports,,"No. 475,2nd Avenue,Varthur,Bengaluru - 560098",560098,Karnataka,Bengaluru Rural,pvt_ltd,manufacturing,+918121705385,,10-11-2017,22/06/2024,Dormant
